This is pdfTeX, Version 3.141592653-2.6-1.40.27 (MiKTeX 25.4) (preloaded format=pdflatex 2025.6.2)  19 JAN 2026 07:01
entering extended mode
 restricted \write18 enabled.
 %&-line parsing enabled.
**./main.tex
(main.tex
LaTeX2e <2024-11-01> patch level 2
L3 programming layer <2025-04-29>
(C:\Miktex\tex/latex/base\book.cls
Document Class: book 2024/06/29 v1.4n Standard LaTeX document class
(C:\Miktex\tex/latex/base\bk11.clo
File: bk11.clo 2024/06/29 v1.4n Standard LaTeX file (size option)
)
\c@part=\count272
\c@chapter=\count273
\c@section=\count274
\c@subsection=\count275
\c@subsubsection=\count276
\c@paragraph=\count277
\c@subparagraph=\count278
\c@figure=\count279
\c@table=\count280
\abovecaptionskip=\skip49
\belowcaptionskip=\skip50
\bibindent=\dimen146
) (C:\Miktex\tex/generic/babel\babel.sty
Package: babel 2025/05/14 v25.9 The multilingual framework for pdfLaTeX, LuaLaT
eX and XeLaTeX
\babel@savecnt=\count281
\U@D=\dimen147
\l@unhyphenated=\language79

(C:\Miktex\tex/generic/babel\txtbabel.def)
\bbl@readstream=\read2
\bbl@dirlevel=\count282

*************************************
* Local config file bblopts.cfg used
*
(C:\Miktex\tex/latex/arabi\bblopts.cfg
File: bblopts.cfg 2005/09/08 v0.1 add Arabic and Farsi to "declared" options of
 babel
)
(C:\Miktex\tex/latex/babel-english\english.ldf
Language: english 2017/06/06 v3.3r English support from the babel system

(C:\Miktex\tex/generic/babel/locale/en\babel-english.tex
Package babel Info: Importing font and identification data for english
(babel)             from babel-en.ini. Reported on input line 11.
)
Package babel Info: Hyphen rules for 'canadian' set to \l@english
(babel)             (\language0). Reported on input line 102.
Package babel Info: Hyphen rules for 'australian' set to \l@ukenglish
(babel)             (\language73). Reported on input line 105.
Package babel Info: Hyphen rules for 'newzealand' set to \l@ukenglish
(babel)             (\language73). Reported on input line 108.
))
(C:\Miktex\tex/latex/graphics\graphicx.sty
Package: graphicx 2021/09/16 v1.2d Enhanced LaTeX Graphics (DPC,SPQR)

(C:\Miktex\tex/latex/graphics\keyval.sty
Package: keyval 2022/05/29 v1.15 key=value parser (DPC)
\KV@toks@=\toks17
)
(C:\Miktex\tex/latex/graphics\graphics.sty
Package: graphics 2024/08/06 v1.4g Standard LaTeX Graphics (DPC,SPQR)

(C:\Miktex\tex/latex/graphics\trig.sty
Package: trig 2023/12/02 v1.11 sin cos tan (DPC)
)
(C:\Miktex\tex/latex/graphics-cfg\graphics.cfg
File: graphics.cfg 2016/06/04 v1.11 sample graphics configuration
)
Package graphics Info: Driver file: pdftex.def on input line 106.

(C:\Miktex\tex/latex/graphics-def\pdftex.def
File: pdftex.def 2024/04/13 v1.2c Graphics/color driver for pdftex
))
\Gin@req@height=\dimen148
\Gin@req@width=\dimen149
)
(C:\Miktex\tex/latex/bbding\bbding.sty
Package: bbding 1999/04/15 v1.01 Dingbats symbols
)
(C:\Miktex\tex/latex/geometry\geometry.sty
Package: geometry 2020/01/02 v5.9 Page Geometry

(C:\Miktex\tex/generic/iftex\ifvtex.sty
Package: ifvtex 2019/10/25 v1.7 ifvtex legacy package. Use iftex instead.
 (C:\Miktex\tex/generic/iftex\iftex.sty
Package: iftex 2024/12/12 v1.0g TeX engine tests
))
\Gm@cnth=\count283
\Gm@cntv=\count284
\c@Gm@tempcnt=\count285
\Gm@bindingoffset=\dimen150
\Gm@wd@mp=\dimen151
\Gm@odd@mp=\dimen152
\Gm@even@mp=\dimen153
\Gm@layoutwidth=\dimen154
\Gm@layoutheight=\dimen155
\Gm@layouthoffset=\dimen156
\Gm@layoutvoffset=\dimen157
\Gm@dimlist=\toks18
 (C:\Miktex\tex/latex/geometry\geometry.cfg))
(C:\Miktex\tex/latex/xcolor\xcolor.sty
Package: xcolor 2024/09/29 v3.02 LaTeX color extensions (UK)

(C:\Miktex\tex/latex/graphics-cfg\color.cfg
File: color.cfg 2016/01/02 v1.6 sample color configuration
)
Package xcolor Info: Driver file: pdftex.def on input line 274.

(C:\Miktex\tex/latex/graphics\mathcolor.ltx)
Package xcolor Info: Model `cmy' substituted by `cmy0' on input line 1349.
Package xcolor Info: Model `hsb' substituted by `rgb' on input line 1353.
Package xcolor Info: Model `RGB' extended on input line 1365.
Package xcolor Info: Model `HTML' substituted by `rgb' on input line 1367.
Package xcolor Info: Model `Hsb' substituted by `hsb' on input line 1368.
Package xcolor Info: Model `tHsb' substituted by `hsb' on input line 1369.
Package xcolor Info: Model `HSB' substituted by `hsb' on input line 1370.
Package xcolor Info: Model `Gray' substituted by `gray' on input line 1371.
Package xcolor Info: Model `wave' substituted by `hsb' on input line 1372.
)
(C:\Miktex\tex/latex/xcolor\svgnam.def
File: svgnam.def 2024/09/29 v3.02 Predefined colors according to SVG 1.1 (UK)
)
(C:\Miktex\tex/latex/psnfss\mathpazo.sty
Package: mathpazo 2020/03/25 PSNFSS-v9.3 Palatino w/ Pazo Math (D.Puga, WaS) 
\symupright=\mathgroup4
)
(C:\Miktex\tex/latex/newpx\newpxmath.sty
Package: newpxmath 2025/01/29 v1.540

`newpxmath' v1.540, 2025/01/29 Math macros based on pxfonts (msharpe)
(C:\Miktex\tex/latex/amsmath\amsmath.sty
Package: amsmath 2024/11/05 v2.17t AMS math features
\@mathmargin=\skip51

For additional information on amsmath, use the `?' option.
(C:\Miktex\tex/latex/amsmath\amstext.sty
Package: amstext 2021/08/26 v2.01 AMS text

(C:\Miktex\tex/latex/amsmath\amsgen.sty
File: amsgen.sty 1999/11/30 v2.0 generic functions
\@emptytoks=\toks19
\ex@=\dimen158
))
(C:\Miktex\tex/latex/amsmath\amsbsy.sty
Package: amsbsy 1999/11/29 v1.2d Bold Symbols
\pmbraise@=\dimen159
)
(C:\Miktex\tex/latex/amsmath\amsopn.sty
Package: amsopn 2022/04/08 v2.04 operator names
)
\inf@bad=\count286
LaTeX Info: Redefining \frac on input line 233.
\uproot@=\count287
\leftroot@=\count288
LaTeX Info: Redefining \overline on input line 398.
LaTeX Info: Redefining \colon on input line 409.
\classnum@=\count289
\DOTSCASE@=\count290
LaTeX Info: Redefining \ldots on input line 495.
LaTeX Info: Redefining \dots on input line 498.
LaTeX Info: Redefining \cdots on input line 619.
\Mathstrutbox@=\box53
\strutbox@=\box54
LaTeX Info: Redefining \big on input line 721.
LaTeX Info: Redefining \Big on input line 722.
LaTeX Info: Redefining \bigg on input line 723.
LaTeX Info: Redefining \Bigg on input line 724.
\big@size=\dimen160
LaTeX Font Info:    Redeclaring font encoding OML on input line 742.
LaTeX Font Info:    Redeclaring font encoding OMS on input line 743.
\macc@depth=\count291
LaTeX Info: Redefining \bmod on input line 904.
LaTeX Info: Redefining \pmod on input line 909.
LaTeX Info: Redefining \smash on input line 939.
LaTeX Info: Redefining \relbar on input line 969.
LaTeX Info: Redefining \Relbar on input line 970.
\c@MaxMatrixCols=\count292
\dotsspace@=\muskip17
\c@parentequation=\count293
\dspbrk@lvl=\count294
\tag@help=\toks20
\row@=\count295
\column@=\count296
\maxfields@=\count297
\andhelp@=\toks21
\eqnshift@=\dimen161
\alignsep@=\dimen162
\tagshift@=\dimen163
\tagwidth@=\dimen164
\totwidth@=\dimen165
\lineht@=\dimen166
\@envbody=\toks22
\multlinegap=\skip52
\multlinetaggap=\skip53
\mathdisplay@stack=\toks23
LaTeX Info: Redefining \[ on input line 2953.
LaTeX Info: Redefining \] on input line 2954.
)
(C:\Miktex\tex/latex/etoolbox\etoolbox.sty
Package: etoolbox 2025/02/11 v2.5l e-TeX tools for LaTeX (JAW)
\etb@tempcnta=\count298
)
(C:\Miktex\tex/generic/binhex\binhex.tex)
(C:\Miktex\tex/latex/xkeyval\xkeyval.sty
Package: xkeyval 2022/06/16 v2.9 package option processing (HA)

(C:\Miktex\tex/generic/xkeyval\xkeyval.tex
(C:\Miktex\tex/generic/xkeyval\xkvutils.tex
\XKV@toks=\toks24
\XKV@tempa@toks=\toks25
)
\XKV@depth=\count299
File: xkeyval.tex 2014/12/03 v2.7a key=value parser (HA)
))
(C:\Miktex\tex/latex/oberdiek\centernot.sty
Package: centernot 2016/05/16 v1.4 Centers the not symbol horizontally (HO)
)
\px@tA=\toks26
\px@tB=\toks27
\px@su=\read3
\px@Isdigit=\count300

amsthm NOT loaded
LaTeX Font Info:    Redeclaring symbol font `operators' on input line 222.
LaTeX Font Info:    Overwriting symbol font `operators' in version `normal'
(Font)                  OT1/pplx/m/n --> OT1/pplx/m/n on input line 222.
LaTeX Font Info:    Overwriting symbol font `operators' in version `bold'
(Font)                  OT1/pplx/b/n --> OT1/pplx/m/n on input line 222.
LaTeX Font Info:    Overwriting symbol font `operators' in version `bold'
(Font)                  OT1/pplx/m/n --> OT1/pplx/b/n on input line 223.
LaTeX Font Info:    Redeclaring math alphabet \mathsf on input line 226.
LaTeX Font Info:    Overwriting math alphabet `\mathsf' in version `normal'
(Font)                  OT1/cmss/m/n --> OT1/cmss/m/n on input line 226.
LaTeX Font Info:    Overwriting math alphabet `\mathsf' in version `bold'
(Font)                  OT1/cmss/bx/n --> OT1/cmss/m/n on input line 226.
LaTeX Font Info:    Redeclaring math alphabet \mathit on input line 227.
LaTeX Font Info:    Overwriting math alphabet `\mathit' in version `normal'
(Font)                  OT1/pplx/m/it --> OT1/pplx/m/it on input line 227.
LaTeX Font Info:    Overwriting math alphabet `\mathit' in version `bold'
(Font)                  OT1/pplx/b/it --> OT1/pplx/m/it on input line 227.
LaTeX Font Info:    Redeclaring math alphabet \mathtt on input line 228.
LaTeX Font Info:    Overwriting math alphabet `\mathtt' in version `normal'
(Font)                  OT1/cmtt/m/n --> OT1/cmtt/m/n on input line 228.
LaTeX Font Info:    Overwriting math alphabet `\mathtt' in version `bold'
(Font)                  OT1/cmtt/m/n --> OT1/cmtt/m/n on input line 228.
LaTeX Font Info:    Redeclaring math alphabet \mathbf on input line 230.
LaTeX Font Info:    Overwriting math alphabet `\mathbf' in version `normal'
(Font)                  OT1/zplm/b/n --> OT1/pplx/b/n on input line 230.
LaTeX Font Info:    Overwriting math alphabet `\mathbf' in version `bold'
(Font)                  OT1/zplm/b/n --> OT1/pplx/b/n on input line 230.
LaTeX Font Info:    Overwriting math alphabet `\mathit' in version `bold'
(Font)                  OT1/pplx/m/it --> OT1/pplx/b/it on input line 231.
LaTeX Font Info:    Overwriting math alphabet `\mathsf' in version `bold'
(Font)                  OT1/cmss/m/n --> OT1/cmss/b/n on input line 233.
LaTeX Font Info:    Overwriting math alphabet `\mathtt' in version `bold'
(Font)                  OT1/cmtt/m/n --> OT1/cmtt/b/n on input line 234.
LaTeX Font Info:    Redeclaring symbol font `letters' on input line 245.
LaTeX Font Info:    Overwriting symbol font `letters' in version `normal'
(Font)                  OML/zplm/m/it --> OML/npxmi/m/it on input line 245.
LaTeX Font Info:    Overwriting symbol font `letters' in version `bold'
(Font)                  OML/zplm/b/it --> OML/npxmi/m/it on input line 245.
LaTeX Font Info:    Overwriting symbol font `letters' in version `bold'
(Font)                  OML/npxmi/m/it --> OML/npxmi/b/it on input line 246.
\symlettersA=\mathgroup5
LaTeX Font Info:    Overwriting symbol font `lettersA' in version `bold'
(Font)                  U/npxmia/m/it --> U/npxmia/b/it on input line 264.
Now handling font encoding LMS ...
... no UTF-8 mapping file for font encoding LMS
LaTeX Font Info:    Redeclaring symbol font `symbols' on input line 274.
LaTeX Font Info:    Encoding `OMS' has changed to `LMS' for symbol font
(Font)              `symbols' in the math version `normal' on input line 274.
LaTeX Font Info:    Overwriting symbol font `symbols' in version `normal'
(Font)                  OMS/zplm/m/n --> LMS/npxsy/m/n on input line 274.
LaTeX Font Info:    Encoding `OMS' has changed to `LMS' for symbol font
(Font)              `symbols' in the math version `bold' on input line 274.
LaTeX Font Info:    Overwriting symbol font `symbols' in version `bold'
(Font)                  OMS/zplm/b/n --> LMS/npxsy/m/n on input line 274.
LaTeX Font Info:    Overwriting symbol font `symbols' in version `bold'
(Font)                  LMS/npxsy/m/n --> LMS/npxsy/b/n on input line 275.
\symAMSm=\mathgroup6
LaTeX Font Info:    Overwriting symbol font `AMSm' in version `bold'
(Font)                  U/npxsym/m/n --> U/npxsym/b/n on input line 295.
\symsymbolsC=\mathgroup7
LaTeX Font Info:    Overwriting symbol font `symbolsC' in version `bold'
(Font)                  U/npxsyc/m/n --> U/npxsyc/b/n on input line 317.
Now handling font encoding LMX ...
... no UTF-8 mapping file for font encoding LMX
LaTeX Font Info:    Redeclaring symbol font `largesymbols' on input line 337.
LaTeX Font Info:    Encoding `OMX' has changed to `LMX' for symbol font
(Font)              `largesymbols' in the math version `normal' on input line 3
37.
LaTeX Font Info:    Overwriting symbol font `largesymbols' in version `normal'
(Font)                  OMX/zplm/m/n --> LMX/npxexx/m/n on input line 337.
LaTeX Font Info:    Encoding `OMX' has changed to `LMX' for symbol font
(Font)              `largesymbols' in the math version `bold' on input line 337
.
LaTeX Font Info:    Overwriting symbol font `largesymbols' in version `bold'
(Font)                  OMX/zplm/m/n --> LMX/npxexx/m/n on input line 337.
LaTeX Font Info:    Overwriting symbol font `largesymbols' in version `bold'
(Font)                  LMX/npxexx/m/n --> LMX/npxexx/b/n on input line 338.
\symlargesymbolsPXA=\mathgroup8
LaTeX Font Info:    Overwriting symbol font `largesymbolsPXA' in version `bold'

(Font)                  U/npxexa/m/n --> U/npxexa/b/n on input line 345.
\px@cntz=\count301
\px@IsAlNum=\count302
\px@sbptoks=\toks28
LaTeX Font Info:    Redeclaring math delimiter \lfloor on input line 500.
LaTeX Font Info:    Redeclaring math delimiter \rfloor on input line 501.
LaTeX Font Info:    Redeclaring math delimiter \lceil on input line 502.
LaTeX Font Info:    Redeclaring math delimiter \rceil on input line 503.
LaTeX Font Info:    Redeclaring math delimiter \lbrace on input line 508.
LaTeX Font Info:    Redeclaring math delimiter \rbrace on input line 509.
LaTeX Font Info:    Redeclaring math delimiter \langle on input line 511.
LaTeX Font Info:    Redeclaring math delimiter \rangle on input line 513.
LaTeX Font Info:    Redeclaring math delimiter \arrowvert on input line 517.
LaTeX Font Info:    Redeclaring math delimiter \vert on input line 518.
LaTeX Font Info:    Redeclaring math symbol \parallel on input line 519.
LaTeX Font Info:    Redeclaring math delimiter \Arrowvert on input line 520.
LaTeX Font Info:    Redeclaring math symbol \hbar on input line 546.
LaTeX Font Info:    Redeclaring math accent \grave on input line 560.
LaTeX Font Info:    Redeclaring math accent \acute on input line 561.
LaTeX Font Info:    Redeclaring math accent \hat on input line 562.
LaTeX Font Info:    Redeclaring math accent \tilde on input line 563.
LaTeX Font Info:    Redeclaring math accent \bar on input line 564.
LaTeX Font Info:    Redeclaring math accent \breve on input line 565.
LaTeX Font Info:    Redeclaring math accent \mathring on input line 566.
LaTeX Font Info:    Redeclaring math accent \check on input line 567.
LaTeX Font Info:    Redeclaring math accent \dot on input line 571.
LaTeX Font Info:    Redeclaring math accent \ddot on input line 572.
LaTeX Font Info:    Redeclaring math accent \vec on input line 1617.
LaTeX Info: Redefining \Bbbk on input line 2194.
LaTeX Info: Redefining \not on input line 2534.
) (C:\Miktex\tex/latex/booktabs\booktabs.sty
Package: booktabs 2020/01/12 v1.61803398 Publication quality tables
\heavyrulewidth=\dimen167
\lightrulewidth=\dimen168
\cmidrulewidth=\dimen169
\belowrulesep=\dimen170
\belowbottomsep=\dimen171
\aboverulesep=\dimen172
\abovetopsep=\dimen173
\cmidrulesep=\dimen174
\cmidrulekern=\dimen175
\defaultaddspace=\dimen176
\@cmidla=\count303
\@cmidlb=\count304
\@aboverulesep=\dimen177
\@belowrulesep=\dimen178
\@thisruleclass=\count305
\@lastruleclass=\count306
\@thisrulewidth=\dimen179
)
(C:\Miktex\tex/latex/cite\cite.sty
LaTeX Info: Redefining \cite on input line 302.
LaTeX Info: Redefining \nocite on input line 332.
Package: cite 2015/02/27  v 5.5
)
(C:\Miktex\tex/latex/microtype\microtype.sty
Package: microtype 2025/02/11 v3.2a Micro-typographical refinements (RS)
\MT@toks=\toks29
\MT@tempbox=\box55
\MT@count=\count307
LaTeX Info: Redefining \noprotrusionifhmode on input line 1087.
LaTeX Info: Redefining \leftprotrusion on input line 1088.
\MT@prot@toks=\toks30
LaTeX Info: Redefining \rightprotrusion on input line 1107.
LaTeX Info: Redefining \textls on input line 1449.
\MT@outer@kern=\dimen180
LaTeX Info: Redefining \microtypecontext on input line 2053.
LaTeX Info: Redefining \textmicrotypecontext on input line 2070.
\MT@listname@count=\count308

(C:\Miktex\tex/latex/microtype\microtype-pdftex.def
File: microtype-pdftex.def 2025/02/11 v3.2a Definitions specific to pdftex (RS)

LaTeX Info: Redefining \lsstyle on input line 944.
LaTeX Info: Redefining \lslig on input line 944.
\MT@outer@space=\skip54
)
Package microtype Info: Loading configuration file microtype.cfg.

(C:\Miktex\tex/latex/microtype\microtype.cfg
File: microtype.cfg 2025/02/11 v3.2a microtype main configuration file (RS)
)
LaTeX Info: Redefining \microtypesetup on input line 3065.
)
(C:\Miktex\tex/latex/hyperref\hyperref.sty
Package: hyperref 2025-05-20 v7.01m Hypertext links for LaTeX

(C:\Miktex\tex/latex/kvsetkeys\kvsetkeys.sty
Package: kvsetkeys 2022-10-05 v1.19 Key value parser (HO)
)
(C:\Miktex\tex/generic/kvdefinekeys\kvdefinekeys.sty
Package: kvdefinekeys 2019-12-19 v1.6 Define keys (HO)
)
(C:\Miktex\tex/generic/pdfescape\pdfescape.sty
Package: pdfescape 2019/12/09 v1.15 Implements pdfTeX's escape features (HO)

(C:\Miktex\tex/generic/ltxcmds\ltxcmds.sty
Package: ltxcmds 2023-12-04 v1.26 LaTeX kernel commands for general use (HO)
)
(C:\Miktex\tex/generic/pdftexcmds\pdftexcmds.sty
Package: pdftexcmds 2020-06-27 v0.33 Utility functions of pdfTeX for LuaTeX (HO
)

(C:\Miktex\tex/generic/infwarerr\infwarerr.sty
Package: infwarerr 2019/12/03 v1.5 Providing info/warning/error messages (HO)
)
Package pdftexcmds Info: \pdf@primitive is available.
Package pdftexcmds Info: \pdf@ifprimitive is available.
Package pdftexcmds Info: \pdfdraftmode found.
))
(C:\Miktex\tex/latex/hycolor\hycolor.sty
Package: hycolor 2020-01-27 v1.10 Color options for hyperref/bookmark (HO)
)
(C:\Miktex\tex/latex/hyperref\nameref.sty
Package: nameref 2023-11-26 v2.56 Cross-referencing by name of section

(C:\Miktex\tex/latex/refcount\refcount.sty
Package: refcount 2019/12/15 v3.6 Data extraction from label references (HO)
)
(C:\Miktex\tex/generic/gettitlestring\gettitlestring.sty
Package: gettitlestring 2019/12/15 v1.6 Cleanup title references (HO)

(C:\Miktex\tex/latex/kvoptions\kvoptions.sty
Package: kvoptions 2022-06-15 v3.15 Key value format for package options (HO)
))
\c@section@level=\count309
)
(C:\Miktex\tex/generic/stringenc\stringenc.sty
Package: stringenc 2019/11/29 v1.12 Convert strings between diff. encodings (HO
)
)
\@linkdim=\dimen181
\Hy@linkcounter=\count310
\Hy@pagecounter=\count311

(C:\Miktex\tex/latex/hyperref\pd1enc.def
File: pd1enc.def 2025-05-20 v7.01m Hyperref: PDFDocEncoding definition (HO)
Now handling font encoding PD1 ...
... no UTF-8 mapping file for font encoding PD1
)
(C:\Miktex\tex/generic/intcalc\intcalc.sty
Package: intcalc 2019/12/15 v1.3 Expandable calculations with integers (HO)
)
\Hy@SavedSpaceFactor=\count312

(C:\Miktex\tex/latex/hyperref\puenc.def
File: puenc.def 2025-05-20 v7.01m Hyperref: PDF Unicode definition (HO)
Now handling font encoding PU ...
... no UTF-8 mapping file for font encoding PU
)
Package hyperref Info: Hyper figures OFF on input line 4157.
Package hyperref Info: Link nesting OFF on input line 4162.
Package hyperref Info: Hyper index ON on input line 4165.
Package hyperref Info: Plain pages OFF on input line 4172.
Package hyperref Info: Backreferencing OFF on input line 4177.
Package hyperref Info: Implicit mode ON; LaTeX internals redefined.
Package hyperref Info: Bookmarks ON on input line 4424.
\c@Hy@tempcnt=\count313
 (C:\Miktex\tex/latex/url\url.sty
\Urlmuskip=\muskip18
Package: url 2013/09/16  ver 3.4  Verb mode for urls, etc.
)
LaTeX Info: Redefining \url on input line 4763.
\XeTeXLinkMargin=\dimen182

(C:\Miktex\tex/generic/bitset\bitset.sty
Package: bitset 2019/12/09 v1.3 Handle bit-vector datatype (HO)

(C:\Miktex\tex/generic/bigintcalc\bigintcalc.sty
Package: bigintcalc 2019/12/15 v1.5 Expandable calculations on big integers (HO
)
))
\Fld@menulength=\count314
\Field@Width=\dimen183
\Fld@charsize=\dimen184
Package hyperref Info: Hyper figures OFF on input line 6042.
Package hyperref Info: Link nesting OFF on input line 6047.
Package hyperref Info: Hyper index ON on input line 6050.
Package hyperref Info: backreferencing OFF on input line 6057.
Package hyperref Info: Link coloring OFF on input line 6062.
Package hyperref Info: Link coloring with OCG OFF on input line 6067.
Package hyperref Info: PDF/A mode OFF on input line 6072.

(C:\Miktex\tex/latex/base\atbegshi-ltx.sty
Package: atbegshi-ltx 2021/01/10 v1.0c Emulation of the original atbegshi
package with kernel methods
)
\Hy@abspage=\count315
\c@Item=\count316
\c@Hfootnote=\count317
)
Package hyperref Info: Driver (autodetected): hpdftex.

(C:\Miktex\tex/latex/hyperref\hpdftex.def
File: hpdftex.def 2025-05-20 v7.01m Hyperref driver for pdfTeX
\Fld@listcount=\count318
\c@bookmark@seq@number=\count319

(C:\Miktex\tex/latex/rerunfilecheck\rerunfilecheck.sty
Package: rerunfilecheck 2022-07-10 v1.10 Rerun checks for auxiliary files (HO)

(C:\Miktex\tex/latex/base\atveryend-ltx.sty
Package: atveryend-ltx 2020/08/19 v1.0a Emulation of the original atveryend pac
kage
with kernel methods
)
(C:\Miktex\tex/generic/uniquecounter\uniquecounter.sty
Package: uniquecounter 2019/12/15 v1.4 Provide unlimited unique counter (HO)
)
Package uniquecounter Info: New unique counter `rerunfilecheck' on input line 2
85.
)
\Hy@SectionHShift=\skip55
)
Package hyperref Info: Option `colorlinks' set `true' on input line 18.

(C:\Miktex\tex/latex/fancyhdr\fancyhdr.sty
Package: fancyhdr 2025/02/07 v5.2 Extensive control of page headers and footers

\f@nch@headwidth=\skip56
\f@nch@offset@elh=\skip57
\f@nch@offset@erh=\skip58
\f@nch@offset@olh=\skip59
\f@nch@offset@orh=\skip60
\f@nch@offset@elf=\skip61
\f@nch@offset@erf=\skip62
\f@nch@offset@olf=\skip63
\f@nch@offset@orf=\skip64
\f@nch@height=\skip65
\f@nch@footalignment=\skip66
\f@nch@widthL=\skip67
\f@nch@widthC=\skip68
\f@nch@widthR=\skip69
\@temptokenb=\toks31
)
(C:\Miktex\tex/latex/caption\subcaption.sty
Package: subcaption 2023/07/28 v1.6b Sub-captions (AR)

(C:\Miktex\tex/latex/caption\caption.sty
Package: caption 2023/08/05 v3.6o Customizing captions (AR)

(C:\Miktex\tex/latex/caption\caption3.sty
Package: caption3 2023/07/31 v2.4d caption3 kernel (AR)
\caption@tempdima=\dimen185
\captionmargin=\dimen186
\caption@leftmargin=\dimen187
\caption@rightmargin=\dimen188
\caption@width=\dimen189
\caption@indent=\dimen190
\caption@parindent=\dimen191
\caption@hangindent=\dimen192
Package caption Info: Standard document class detected.
)
\c@caption@flags=\count320
\c@continuedfloat=\count321
Package caption Info: hyperref package is loaded.
)
Package caption Info: New subtype `subfigure' on input line 238.
\c@subfigure=\count322
Package caption Info: New subtype `subtable' on input line 238.
\c@subtable=\count323
)
(C:\Miktex\tex/latex/amsfonts\amssymb.sty
Package: amssymb 2013/01/14 v3.01 AMS font symbols

(C:\Miktex\tex/latex/amsfonts\amsfonts.sty
Package: amsfonts 2013/01/14 v3.01 Basic AMSFonts support
\symAMSa=\mathgroup9
\symAMSb=\mathgroup10
LaTeX Font Info:    Redeclaring math delimiter \ulcorner on input line 74.
LaTeX Font Info:    Redeclaring math delimiter \urcorner on input line 75.
LaTeX Font Info:    Redeclaring math delimiter \llcorner on input line 76.
LaTeX Font Info:    Redeclaring math delimiter \lrcorner on input line 77.
LaTeX Font Info:    Redeclaring math symbol \square on input line 141.
LaTeX Font Info:    Redeclaring math symbol \lozenge on input line 142.
)
LaTeX Font Info:    Redeclaring math symbol \boxdot on input line 44.
LaTeX Font Info:    Redeclaring math symbol \boxplus on input line 45.
LaTeX Font Info:    Redeclaring math symbol \boxtimes on input line 46.
LaTeX Font Info:    Redeclaring math symbol \blacksquare on input line 48.
LaTeX Font Info:    Redeclaring math symbol \centerdot on input line 49.
LaTeX Font Info:    Redeclaring math symbol \blacklozenge on input line 51.
LaTeX Font Info:    Redeclaring math symbol \circlearrowright on input line 52.

LaTeX Font Info:    Redeclaring math symbol \circlearrowleft on input line 53.
LaTeX Font Info:    Redeclaring math symbol \leftrightharpoons on input line 56
.
LaTeX Font Info:    Redeclaring math symbol \boxminus on input line 57.
LaTeX Font Info:    Redeclaring math symbol \Vdash on input line 58.
LaTeX Font Info:    Redeclaring math symbol \Vvdash on input line 59.
LaTeX Font Info:    Redeclaring math symbol \vDash on input line 60.
LaTeX Font Info:    Redeclaring math symbol \twoheadrightarrow on input line 61
.
LaTeX Font Info:    Redeclaring math symbol \twoheadleftarrow on input line 62.

LaTeX Font Info:    Redeclaring math symbol \leftleftarrows on input line 63.
LaTeX Font Info:    Redeclaring math symbol \rightrightarrows on input line 64.

LaTeX Font Info:    Redeclaring math symbol \upuparrows on input line 65.
LaTeX Font Info:    Redeclaring math symbol \downdownarrows on input line 66.
LaTeX Font Info:    Redeclaring math symbol \upharpoonright on input line 67.
LaTeX Font Info:    Redeclaring math symbol \downharpoonright on input line 69.

LaTeX Font Info:    Redeclaring math symbol \upharpoonleft on input line 70.
LaTeX Font Info:    Redeclaring math symbol \downharpoonleft on input line 71.
LaTeX Font Info:    Redeclaring math symbol \rightarrowtail on input line 72.
LaTeX Font Info:    Redeclaring math symbol \leftarrowtail on input line 73.
LaTeX Font Info:    Redeclaring math symbol \leftrightarrows on input line 74.
LaTeX Font Info:    Redeclaring math symbol \rightleftarrows on input line 75.
LaTeX Font Info:    Redeclaring math symbol \Lsh on input line 76.
LaTeX Font Info:    Redeclaring math symbol \Rsh on input line 77.
LaTeX Font Info:    Redeclaring math symbol \leftrightsquigarrow on input line 
79.
LaTeX Font Info:    Redeclaring math symbol \looparrowleft on input line 80.
LaTeX Font Info:    Redeclaring math symbol \looparrowright on input line 81.
LaTeX Font Info:    Redeclaring math symbol \circeq on input line 82.
LaTeX Font Info:    Redeclaring math symbol \succsim on input line 83.
LaTeX Font Info:    Redeclaring math symbol \gtrsim on input line 84.
LaTeX Font Info:    Redeclaring math symbol \gtrapprox on input line 85.
LaTeX Font Info:    Redeclaring math symbol \multimap on input line 86.
LaTeX Font Info:    Redeclaring math symbol \therefore on input line 87.
LaTeX Font Info:    Redeclaring math symbol \because on input line 88.
LaTeX Font Info:    Redeclaring math symbol \doteqdot on input line 89.
LaTeX Font Info:    Redeclaring math symbol \triangleq on input line 91.
LaTeX Font Info:    Redeclaring math symbol \precsim on input line 92.
LaTeX Font Info:    Redeclaring math symbol \lesssim on input line 93.
LaTeX Font Info:    Redeclaring math symbol \lessapprox on input line 94.
LaTeX Font Info:    Redeclaring math symbol \eqslantless on input line 95.
LaTeX Font Info:    Redeclaring math symbol \eqslantgtr on input line 96.
LaTeX Font Info:    Redeclaring math symbol \curlyeqprec on input line 97.
LaTeX Font Info:    Redeclaring math symbol \curlyeqsucc on input line 98.
LaTeX Font Info:    Redeclaring math symbol \preccurlyeq on input line 99.
LaTeX Font Info:    Redeclaring math symbol \leqq on input line 100.
LaTeX Font Info:    Redeclaring math symbol \leqslant on input line 101.
LaTeX Font Info:    Redeclaring math symbol \lessgtr on input line 102.
LaTeX Font Info:    Redeclaring math symbol \backprime on input line 103.
LaTeX Font Info:    Redeclaring math symbol \risingdotseq on input line 104.
LaTeX Font Info:    Redeclaring math symbol \fallingdotseq on input line 105.
LaTeX Font Info:    Redeclaring math symbol \succcurlyeq on input line 106.
LaTeX Font Info:    Redeclaring math symbol \geqq on input line 107.
LaTeX Font Info:    Redeclaring math symbol \geqslant on input line 108.
LaTeX Font Info:    Redeclaring math symbol \gtrless on input line 109.
LaTeX Font Info:    Redeclaring math symbol \bigstar on input line 117.
LaTeX Font Info:    Redeclaring math symbol \between on input line 118.
LaTeX Font Info:    Redeclaring math symbol \blacktriangledown on input line 11
9.
LaTeX Font Info:    Redeclaring math symbol \blacktriangleright on input line 1
20.
LaTeX Font Info:    Redeclaring math symbol \blacktriangleleft on input line 12
1.
LaTeX Font Info:    Redeclaring math symbol \vartriangle on input line 122.
LaTeX Font Info:    Redeclaring math symbol \blacktriangle on input line 123.
LaTeX Font Info:    Redeclaring math symbol \triangledown on input line 124.
LaTeX Font Info:    Redeclaring math symbol \eqcirc on input line 125.
LaTeX Font Info:    Redeclaring math symbol \lesseqgtr on input line 126.
LaTeX Font Info:    Redeclaring math symbol \gtreqless on input line 127.
LaTeX Font Info:    Redeclaring math symbol \lesseqqgtr on input line 128.
LaTeX Font Info:    Redeclaring math symbol \gtreqqless on input line 129.
LaTeX Font Info:    Redeclaring math symbol \Rrightarrow on input line 130.
LaTeX Font Info:    Redeclaring math symbol \Lleftarrow on input line 131.
LaTeX Font Info:    Redeclaring math symbol \veebar on input line 132.
LaTeX Font Info:    Redeclaring math symbol \barwedge on input line 133.
LaTeX Font Info:    Redeclaring math symbol \doublebarwedge on input line 134.
LaTeX Font Info:    Redeclaring math symbol \measuredangle on input line 137.
LaTeX Font Info:    Redeclaring math symbol \sphericalangle on input line 138.
LaTeX Font Info:    Redeclaring math symbol \varpropto on input line 139.
LaTeX Font Info:    Redeclaring math symbol \smallsmile on input line 140.
LaTeX Font Info:    Redeclaring math symbol \smallfrown on input line 141.
LaTeX Font Info:    Redeclaring math symbol \Subset on input line 142.
LaTeX Font Info:    Redeclaring math symbol \Supset on input line 143.
LaTeX Font Info:    Redeclaring math symbol \Cup on input line 144.
LaTeX Font Info:    Redeclaring math symbol \Cap on input line 146.
LaTeX Font Info:    Redeclaring math symbol \curlywedge on input line 148.
LaTeX Font Info:    Redeclaring math symbol \curlyvee on input line 149.
LaTeX Font Info:    Redeclaring math symbol \leftthreetimes on input line 150.
LaTeX Font Info:    Redeclaring math symbol \rightthreetimes on input line 151.

LaTeX Font Info:    Redeclaring math symbol \subseteqq on input line 152.
LaTeX Font Info:    Redeclaring math symbol \supseteqq on input line 153.
LaTeX Font Info:    Redeclaring math symbol \bumpeq on input line 154.
LaTeX Font Info:    Redeclaring math symbol \Bumpeq on input line 155.
LaTeX Font Info:    Redeclaring math symbol \lll on input line 156.
LaTeX Font Info:    Redeclaring math symbol \ggg on input line 158.
LaTeX Font Info:    Redeclaring math symbol \circledS on input line 160.
LaTeX Font Info:    Redeclaring math symbol \pitchfork on input line 161.
LaTeX Font Info:    Redeclaring math symbol \dotplus on input line 162.
LaTeX Font Info:    Redeclaring math symbol \backsim on input line 163.
LaTeX Font Info:    Redeclaring math symbol \backsimeq on input line 164.
LaTeX Font Info:    Redeclaring math symbol \complement on input line 165.
LaTeX Font Info:    Redeclaring math symbol \intercal on input line 166.
LaTeX Font Info:    Redeclaring math symbol \circledcirc on input line 167.
LaTeX Font Info:    Redeclaring math symbol \circledast on input line 168.
LaTeX Font Info:    Redeclaring math symbol \circleddash on input line 169.
LaTeX Font Info:    Redeclaring math symbol \lvertneqq on input line 171.
LaTeX Font Info:    Redeclaring math symbol \gvertneqq on input line 172.
LaTeX Font Info:    Redeclaring math symbol \nleq on input line 173.
LaTeX Font Info:    Redeclaring math symbol \ngeq on input line 174.
LaTeX Font Info:    Redeclaring math symbol \nless on input line 175.
LaTeX Font Info:    Redeclaring math symbol \ngtr on input line 176.
LaTeX Font Info:    Redeclaring math symbol \nprec on input line 177.
LaTeX Font Info:    Redeclaring math symbol \nsucc on input line 178.
LaTeX Font Info:    Redeclaring math symbol \lneqq on input line 179.
LaTeX Font Info:    Redeclaring math symbol \gneqq on input line 180.
LaTeX Font Info:    Redeclaring math symbol \nleqslant on input line 181.
LaTeX Font Info:    Redeclaring math symbol \ngeqslant on input line 182.
LaTeX Font Info:    Redeclaring math symbol \lneq on input line 183.
LaTeX Font Info:    Redeclaring math symbol \gneq on input line 184.
LaTeX Font Info:    Redeclaring math symbol \npreceq on input line 185.
LaTeX Font Info:    Redeclaring math symbol \nsucceq on input line 186.
LaTeX Font Info:    Redeclaring math symbol \precnsim on input line 187.
LaTeX Font Info:    Redeclaring math symbol \succnsim on input line 188.
LaTeX Font Info:    Redeclaring math symbol \lnsim on input line 189.
LaTeX Font Info:    Redeclaring math symbol \gnsim on input line 190.
LaTeX Font Info:    Redeclaring math symbol \nleqq on input line 191.
LaTeX Font Info:    Redeclaring math symbol \ngeqq on input line 192.
LaTeX Font Info:    Redeclaring math symbol \precneqq on input line 193.
LaTeX Font Info:    Redeclaring math symbol \succneqq on input line 194.
LaTeX Font Info:    Redeclaring math symbol \precnapprox on input line 195.
LaTeX Font Info:    Redeclaring math symbol \succnapprox on input line 196.
LaTeX Font Info:    Redeclaring math symbol \lnapprox on input line 197.
LaTeX Font Info:    Redeclaring math symbol \gnapprox on input line 198.
LaTeX Font Info:    Redeclaring math symbol \nsim on input line 199.
LaTeX Font Info:    Redeclaring math symbol \ncong on input line 200.
LaTeX Font Info:    Redeclaring math symbol \diagup on input line 201.
LaTeX Font Info:    Redeclaring math symbol \diagdown on input line 202.
LaTeX Font Info:    Redeclaring math symbol \varsubsetneq on input line 203.
LaTeX Font Info:    Redeclaring math symbol \varsupsetneq on input line 204.
LaTeX Font Info:    Redeclaring math symbol \nsubseteqq on input line 205.
LaTeX Font Info:    Redeclaring math symbol \nsupseteqq on input line 206.
LaTeX Font Info:    Redeclaring math symbol \subsetneqq on input line 207.
LaTeX Font Info:    Redeclaring math symbol \supsetneqq on input line 208.
LaTeX Font Info:    Redeclaring math symbol \varsubsetneqq on input line 209.
LaTeX Font Info:    Redeclaring math symbol \varsupsetneqq on input line 210.
LaTeX Font Info:    Redeclaring math symbol \subsetneq on input line 211.
LaTeX Font Info:    Redeclaring math symbol \supsetneq on input line 212.
LaTeX Font Info:    Redeclaring math symbol \nsubseteq on input line 213.
LaTeX Font Info:    Redeclaring math symbol \nsupseteq on input line 214.
LaTeX Font Info:    Redeclaring math symbol \nparallel on input line 215.
LaTeX Font Info:    Redeclaring math symbol \nmid on input line 216.
LaTeX Font Info:    Redeclaring math symbol \nshortmid on input line 217.
LaTeX Font Info:    Redeclaring math symbol \nshortparallel on input line 218.
LaTeX Font Info:    Redeclaring math symbol \nvdash on input line 219.
LaTeX Font Info:    Redeclaring math symbol \nVdash on input line 220.
LaTeX Font Info:    Redeclaring math symbol \nvDash on input line 221.
LaTeX Font Info:    Redeclaring math symbol \nVDash on input line 222.
LaTeX Font Info:    Redeclaring math symbol \ntrianglerighteq on input line 223
.
LaTeX Font Info:    Redeclaring math symbol \ntrianglelefteq on input line 224.

LaTeX Font Info:    Redeclaring math symbol \ntriangleleft on input line 225.
LaTeX Font Info:    Redeclaring math symbol \ntriangleright on input line 226.
LaTeX Font Info:    Redeclaring math symbol \nleftarrow on input line 227.
LaTeX Font Info:    Redeclaring math symbol \nrightarrow on input line 228.
LaTeX Font Info:    Redeclaring math symbol \nLeftarrow on input line 229.
LaTeX Font Info:    Redeclaring math symbol \nRightarrow on input line 230.
LaTeX Font Info:    Redeclaring math symbol \nLeftrightarrow on input line 231.

LaTeX Font Info:    Redeclaring math symbol \nleftrightarrow on input line 232.

LaTeX Font Info:    Redeclaring math symbol \divideontimes on input line 233.
LaTeX Font Info:    Redeclaring math symbol \varnothing on input line 234.
LaTeX Font Info:    Redeclaring math symbol \nexists on input line 235.
LaTeX Font Info:    Redeclaring math symbol \Finv on input line 236.
LaTeX Font Info:    Redeclaring math symbol \Game on input line 237.
LaTeX Font Info:    Redeclaring math symbol \eth on input line 240.
LaTeX Font Info:    Redeclaring math symbol \eqsim on input line 241.
LaTeX Font Info:    Redeclaring math symbol \beth on input line 242.
LaTeX Font Info:    Redeclaring math symbol \gimel on input line 243.
LaTeX Font Info:    Redeclaring math symbol \daleth on input line 244.
LaTeX Font Info:    Redeclaring math symbol \lessdot on input line 245.
LaTeX Font Info:    Redeclaring math symbol \gtrdot on input line 246.
LaTeX Font Info:    Redeclaring math symbol \ltimes on input line 247.
LaTeX Font Info:    Redeclaring math symbol \rtimes on input line 248.
LaTeX Font Info:    Redeclaring math symbol \shortmid on input line 249.
LaTeX Font Info:    Redeclaring math symbol \shortparallel on input line 250.
LaTeX Font Info:    Redeclaring math symbol \smallsetminus on input line 251.
LaTeX Font Info:    Redeclaring math symbol \thicksim on input line 252.
LaTeX Font Info:    Redeclaring math symbol \thickapprox on input line 253.
LaTeX Font Info:    Redeclaring math symbol \approxeq on input line 254.
LaTeX Font Info:    Redeclaring math symbol \succapprox on input line 255.
LaTeX Font Info:    Redeclaring math symbol \precapprox on input line 256.
LaTeX Font Info:    Redeclaring math symbol \curvearrowleft on input line 257.
LaTeX Font Info:    Redeclaring math symbol \curvearrowright on input line 258.

LaTeX Font Info:    Redeclaring math symbol \digamma on input line 259.
LaTeX Font Info:    Redeclaring math symbol \varkappa on input line 260.
LaTeX Font Info:    Redeclaring math symbol \hslash on input line 262.
LaTeX Font Info:    Redeclaring math symbol \backepsilon on input line 265.
)
(C:\Miktex\tex/latex/tools\array.sty
Package: array 2024/10/17 v2.6g Tabular extension package (FMi)
\col@sep=\dimen193
\ar@mcellbox=\box56
\extrarowheight=\dimen194
\NC@list=\toks32
\extratabsurround=\skip70
\backup@length=\skip71
\ar@cellbox=\box57
) (C:\Miktex\tex/latex/float\float.sty
Package: float 2001/11/08 v1.3d Float enhancements (AL)
\c@float@type=\count324
\float@exts=\toks33
\float@box=\box58
\@float@everytoks=\toks34
\@floatcapt=\box59
)
(C:\Miktex\tex/latex/colortbl\colortbl.sty
Package: colortbl 2024/10/29 v1.0k Color table columns (DPC)
\everycr=\toks35
\minrowclearance=\skip72
\rownum=\count325
)
(C:\Miktex\tex/latex/tools\hhline.sty
Package: hhline 2020/01/04 v2.04 Table rule package (DPC)
)
LaTeX Font Info:    Trying to load font information for OT1+pplx on input line 
37.
 (C:\Miktex\tex/latex/psnfss\ot1pplx.fd
File: ot1pplx.fd 2004/09/06 font definitions for OT1/pplx.
)
(C:\Miktex\tex/latex/l3backend\l3backend-pdftex.def
File: l3backend-pdftex.def 2025-04-14 L3 backend support: PDF output (pdfTeX)
\l__color_backend_stack_int=\count326
) (main.aux

LaTeX Warning: Label `Wartsila2' multiply defined.

)
\openout1 = `main.aux'.

LaTeX Font Info:    Checking defaults for OML/npxmi/m/it on input line 37.
LaTeX Font Info:    Trying to load font information for OML+npxmi on input line
 37.
 (C:\Miktex\tex/latex/newpx\omlnpxmi.fd
File: omlnpxmi.fd 2013/03/21 Fontinst v1.933 font definitions for OML/npxmi.
)
LaTeX Font Info:    ... okay on input line 37.
LaTeX Font Info:    Checking defaults for OMS/cmsy/m/n on input line 37.
LaTeX Font Info:    ... okay on input line 37.
LaTeX Font Info:    Checking defaults for OT1/cmr/m/n on input line 37.
LaTeX Font Info:    ... okay on input line 37.
LaTeX Font Info:    Checking defaults for T1/cmr/m/n on input line 37.
LaTeX Font Info:    ... okay on input line 37.
LaTeX Font Info:    Checking defaults for TS1/cmr/m/n on input line 37.
LaTeX Font Info:    ... okay on input line 37.
LaTeX Font Info:    Checking defaults for OMX/cmex/m/n on input line 37.
LaTeX Font Info:    ... okay on input line 37.
LaTeX Font Info:    Checking defaults for U/npxexa/m/n on input line 37.
LaTeX Font Info:    Trying to load font information for U+npxexa on input line 
37.
 (C:\Miktex\tex/latex/newpx\unpxexa.fd
File: unpxexa.fd 2013/03/24 Fontinst v1.933 font definitions for U/npxexa.
)
LaTeX Font Info:    ... okay on input line 37.
LaTeX Font Info:    Checking defaults for LMS/npxsy/m/n on input line 37.
LaTeX Font Info:    Trying to load font information for LMS+npxsy on input line
 37.
 (C:\Miktex\tex/latex/newpx\lmsnpxsy.fd
File: lmsnpxsy.fd 2016/07/04 Fontinst v1.933 font definitions for LMS/npxsy.
)
LaTeX Font Info:    ... okay on input line 37.
LaTeX Font Info:    Checking defaults for LMX/npxexx/m/n on input line 37.
LaTeX Font Info:    Trying to load font information for LMX+npxexx on input lin
e 37.

(C:\Miktex\tex/latex/newpx\lmxnpxexx.fd
File: lmxnpxexx.fd 2016/07/04 Fontinst v1.933 font definitions for LMX/npxexx.
)
LaTeX Font Info:    ... okay on input line 37.
LaTeX Font Info:    Checking defaults for PD1/pdf/m/n on input line 37.
LaTeX Font Info:    ... okay on input line 37.
LaTeX Font Info:    Checking defaults for PU/pdf/m/n on input line 37.
LaTeX Font Info:    ... okay on input line 37.

(C:\Miktex\tex/context/base/mkii\supp-pdf.mkii
[Loading MPS to PDF converter (version 2006.09.02).]
\scratchcounter=\count327
\scratchdimen=\dimen195
\scratchbox=\box60
\nofMPsegments=\count328
\nofMParguments=\count329
\everyMPshowfont=\toks36
\MPscratchCnt=\count330
\MPscratchDim=\dimen196
\MPnumerator=\count331
\makeMPintoPDFobject=\count332
\everyMPtoPDFconversion=\toks37
) (C:\Miktex\tex/latex/epstopdf-pkg\epstopdf-base.sty
Package: epstopdf-base 2020-01-24 v2.11 Base part for package epstopdf
Package epstopdf-base Info: Redefining graphics rule for `.eps' on input line 4
85.

(C:\Miktex\tex/latex/00miktex\epstopdf-sys.cfg
File: epstopdf-sys.cfg 2021/03/18 v2.0 Configuration of epstopdf for MiKTeX
))
*geometry* driver: auto-detecting
*geometry* detected driver: pdftex
*geometry* verbose mode - [ preamble ] result:
* driver: pdftex
* paper: letterpaper
* layout: <same size as paper>
* layoutoffset:(h,v)=(0.0pt,0.0pt)
* modes: 
* h-part:(L,W,R)=(72.26999pt, 469.75502pt, 72.26999pt)
* v-part:(T,H,B)=(72.26999pt, 650.43001pt, 72.26999pt)
* \paperwidth=614.295pt
* \paperheight=794.96999pt
* \textwidth=469.75502pt
* \textheight=650.43001pt
* \oddsidemargin=0.0pt
* \evensidemargin=0.0pt
* \topmargin=-31.8738pt
* \headheight=14.1pt
* \headsep=19.8738pt
* \topskip=11.0pt
* \footskip=27.46295pt
* \marginparwidth=62.0pt
* \marginparsep=7.0pt
* \columnsep=10.0pt
* \skip\footins=10.0pt plus 4.0pt minus 2.0pt
* \hoffset=0.0pt
* \voffset=0.0pt
* \mag=1000
* \@twocolumnfalse
* \@twosidefalse
* \@mparswitchfalse
* \@reversemarginfalse
* (1in=72.27pt=25.4mm, 1cm=28.453pt)

LaTeX Info: Command `\dddot' is already robust on input line 37.
LaTeX Info: Command `\ddddot' is already robust on input line 37.
LaTeX Info: Redefining \microtypecontext on input line 37.
Package microtype Info: Applying patch `item' on input line 37.
Package microtype Info: Applying patch `toc' on input line 37.
Package microtype Info: Applying patch `eqnum' on input line 37.
Package microtype Info: Applying patch `footnote' on input line 37.
Package microtype Info: Applying patch `verbatim' on input line 37.
LaTeX Info: Redefining \microtypesetup on input line 37.
Package microtype Info: Generating PDF output.
Package microtype Info: Character protrusion enabled (level 2).
Package microtype Info: Using default protrusion set `alltext'.
Package microtype Info: Automatic font expansion enabled (level 2),
(microtype)             stretch: 20, shrink: 20, step: 1, non-selected.
Package microtype Info: Using default expansion set `alltext-nott'.
LaTeX Info: Redefining \showhyphens on input line 37.
Package microtype Info: No adjustment of tracking.
Package microtype Info: No adjustment of interword spacing.
Package microtype Info: No adjustment of character kerning.
(C:\Miktex\tex/latex/microtype\mt-ppl.cfg
File: mt-ppl.cfg 2005/11/16 v1.6 microtype config. file: Palatino (RS)
)
Package hyperref Info: Link coloring ON on input line 37.
 (main.out) (main.out)
\@outlinefile=\write3
\openout3 = `main.out'.

Package caption Info: Begin \AtBeginDocument code.
Package caption Info: float package is loaded.
Package caption Info: End \AtBeginDocument code.

(content/titlepage_thesis.tex

pdfTeX warning: pdflatex (file ./images/logoUSM.pdf): PDF inclusion: found PDF 
version <1.6>, but at most version <1.5> allowed
<images/logoUSM.pdf, id=411, 265.40755pt x 156.2126pt>
File: images/logoUSM.pdf Graphic file (type pdf)
<use images/logoUSM.pdf>
Package pdftex.def Info: images/logoUSM.pdf  used on input line 4.
(pdftex.def)             Requested size: 375.80544pt x 221.18938pt.


[1



{C:/Users/Dell PC/AppData/Local/MiKTeX/fonts/map/pdftex/pdftex.map}{C:/Miktex/f
onts/enc/dvips/base/8r.enc} <./images/logoUSM.pdf>]) (content/validation.tex
File: images/logoUSM.pdf Graphic file (type pdf)
<use images/logoUSM.pdf>
Package pdftex.def Info: images/logoUSM.pdf  used on input line 3.
(pdftex.def)             Requested size: 164.41711pt x 96.77214pt.
LaTeX Font Info:    Trying to load font information for OT1+zplm on input line 
13.

(C:\Miktex\tex/latex/psnfss\ot1zplm.fd
File: ot1zplm.fd 2002/09/08 Fontinst v1.914 font definitions for OT1/zplm.
)
Package microtype Info: Loading generic protrusion settings for font family
(microtype)             `zplm' (encoding: OT1).
(microtype)             For optimal results, create family-specific settings.
(microtype)             See the microtype manual for details.
LaTeX Font Info:    Trying to load font information for U+npxmia on input line 
13.
 (C:\Miktex\tex/latex/newpx\unpxmia.fd
File: unpxmia.fd 2013/03/24 Fontinst v1.933 font definitions for U/npxmia.
)
LaTeX Font Info:    Trying to load font information for U+npxsym on input line 
13.

(C:\Miktex\tex/latex/newpx\unpxsym.fd
File: unpxsym.fd 2023/08/16 Fontinst v1.933 font definitions for U/npxsym.
)
LaTeX Font Info:    Trying to load font information for U+npxsyc on input line 
13.
 (C:\Miktex\tex/latex/newpx\unpxsyc.fd
File: unpxsyc.fd 2013/03/24 Fontinst v1.933 font definitions for U/npxsyc.
)
LaTeX Font Info:    Font shape `U/msa/m/n' will be
(Font)              scaled to size 10.42007pt on input line 13.

(C:\Miktex\tex/latex/microtype\mt-msa.cfg
File: mt-msa.cfg 2006/02/04 v1.1 microtype config. file: AMS symbols (a) (RS)
)
LaTeX Font Info:    Font shape `U/msa/m/n' will be
(Font)              scaled to size 7.60664pt on input line 13.
LaTeX Font Info:    Font shape `U/msa/m/n' will be
(Font)              scaled to size 5.73103pt on input line 13.
LaTeX Font Info:    Font shape `U/msb/m/n' will be
(Font)              scaled to size 10.42007pt on input line 13.

(C:\Miktex\tex/latex/microtype\mt-msb.cfg
File: mt-msb.cfg 2005/06/01 v1.0 microtype config. file: AMS symbols (b) (RS)
)
LaTeX Font Info:    Font shape `U/msb/m/n' will be
(Font)              scaled to size 7.60664pt on input line 13.
LaTeX Font Info:    Font shape `U/msb/m/n' will be
(Font)              scaled to size 5.73103pt on input line 13.
LaTeX Font Info:    Trying to load font information for TS1+pplx on input line 
28.

(C:\Miktex\tex/latex/psnfss\ts1pplx.fd
File: ts1pplx.fd 2004/09/06 font definitions for TS1/pplx.
)
Overfull \hbox (13.94182pt too wide) in paragraph at lines 49--54
[] 
 []


Overfull \hbox (13.94182pt too wide) in paragraph at lines 49--54
[] 
 []


Overfull \hbox (13.94182pt too wide) in paragraph at lines 49--54
[] 
 []


Underfull \hbox (badness 10000) in paragraph at lines 49--54

 []

) (content/dedication.tex


pdfTeX warning (ext4): destination with the same identifier (name{page.i}) has 
been already used, duplicate ignored
<to be read again> 
                   \relax 
l.2 \begin{flushright}
                       [1]) (content/thanks.tex

[2]) (content/abstract.tex

[3

]) (content/resumen.tex

[4

])

[5

] (main.toc
LaTeX Font Info:    Font shape `U/msa/m/n' will be
(Font)              scaled to size 11.40997pt on input line 6.
LaTeX Font Info:    Font shape `U/msa/m/n' will be
(Font)              scaled to size 8.33606pt on input line 6.
LaTeX Font Info:    Font shape `U/msa/m/n' will be
(Font)              scaled to size 6.35625pt on input line 6.
LaTeX Font Info:    Font shape `U/msb/m/n' will be
(Font)              scaled to size 11.40997pt on input line 6.
LaTeX Font Info:    Font shape `U/msb/m/n' will be
(Font)              scaled to size 8.33606pt on input line 6.
LaTeX Font Info:    Font shape `U/msb/m/n' will be
(Font)              scaled to size 6.35625pt on input line 6.


[6

]

[7])
\tf@toc=\write4
\openout4 = `main.toc'.



[8] (main.lof

[9

]

[10])
\tf@lof=\write5
\openout5 = `main.lof'.



[11] (main.lot

[12

]

[13])
\tf@lot=\write6
\openout6 = `main.lot'.



[14] (content/chapter01.tex
Chapter 1.
<images/chapter01/GHG.pdf, id=982, 2845.27985pt x 682.86618pt>
File: images/chapter01/GHG.pdf Graphic file (type pdf)
<use images/chapter01/GHG.pdf>
Package pdftex.def Info: images/chapter01/GHG.pdf  used on input line 11.
(pdftex.def)             Requested size: 469.75502pt x 112.74098pt.
<images/chapter01/SOx.jpg, id=987, 843.15pt x 632.3625pt>
File: images/chapter01/SOx.jpg Graphic file (type jpg)
<use images/chapter01/SOx.jpg>
Package pdftex.def Info: images/chapter01/SOx.jpg  used on input line 24.
(pdftex.def)             Requested size: 211.3883pt x 158.53409pt.
<images/chapter01/NOx.jpg, id=988, 843.15pt x 632.3625pt>
File: images/chapter01/NOx.jpg Graphic file (type jpg)
<use images/chapter01/NOx.jpg>
Package pdftex.def Info: images/chapter01/NOx.jpg  used on input line 29.
(pdftex.def)             Requested size: 211.3883pt x 158.53409pt.

Overfull \hbox (2.41994pt too wide) in paragraph at lines 23--33
[][] [] 
 []



[1


 <./images/chapter01/GHG.pdf>]
<images/chapter01/DNV2025.pdf, id=1139, 679.99847pt x 246.81409pt>
File: images/chapter01/DNV2025.pdf Graphic file (type pdf)
<use images/chapter01/DNV2025.pdf>
Package pdftex.def Info: images/chapter01/DNV2025.pdf  used on input line 41.
(pdftex.def)             Requested size: 422.77664pt x 153.45624pt.


[2 <./images/chapter01/SOx.jpg> <./images/chapter01/NOx.jpg> <./images/chapter0
1/DNV2025.pdf>]
Underfull \hbox (badness 10000) in paragraph at lines 65--68

 []

<images/chapter01/Series_prop.pdf, id=1183, 247.06703pt x 177.92874pt>
File: images/chapter01/Series_prop.pdf Graphic file (type pdf)
<use images/chapter01/Series_prop.pdf>
Package pdftex.def Info: images/chapter01/Series_prop.pdf  used on input line 7
4.
(pdftex.def)             Requested size: 211.3883pt x 152.23653pt.
<images/chapter01/Parallel_prop.pdf, id=1186, 247.30894pt x 129.98964pt>
File: images/chapter01/Parallel_prop.pdf Graphic file (type pdf)
<use images/chapter01/Parallel_prop.pdf>
Package pdftex.def Info: images/chapter01/Parallel_prop.pdf  used on input line
 80.
(pdftex.def)             Requested size: 211.3883pt x 111.11252pt.

Overfull \hbox (2.41994pt too wide) in paragraph at lines 72--84
[][] [] 
 []



[3]

[4 <./images/chapter01/Series_prop.pdf> <./images/chapter01/Parallel_prop.pdf>]


[5]
<images/chapter01/UC_ESS.jpg, id=1300, 94.4328pt x 129.1224pt>
File: images/chapter01/UC_ESS.jpg Graphic file (type jpg)
<use images/chapter01/UC_ESS.jpg>
Package pdftex.def Info: images/chapter01/UC_ESS.jpg  used on input line 153.
(pdftex.def)             Requested size: 140.92793pt x 192.7177pt.


[6]
<images/chapter01/Flywheel.jpg, id=1311, 158.5122pt x 66.4884pt>
File: images/chapter01/Flywheel.jpg Graphic file (type jpg)
<use images/chapter01/Flywheel.jpg>
Package pdftex.def Info: images/chapter01/Flywheel.jpg  used on input line 164.

(pdftex.def)             Requested size: 187.89914pt x 78.81984pt.


[7 <./images/chapter01/UC_ESS.jpg> <./images/chapter01/Flywheel.jpg>]
<images/chapter01/Batt.jpg, id=1322, 284.7438pt x 153.2124pt>
File: images/chapter01/Batt.jpg Graphic file (type jpg)
<use images/chapter01/Batt.jpg>
Package pdftex.def Info: images/chapter01/Batt.jpg  used on input line 179.
(pdftex.def)             Requested size: 187.89914pt x 101.10411pt.


[8 <./images/chapter01/Batt.jpg>]
<images/chapter01/Batt_roles.jpg, id=1340, 401.3394pt x 219.7008pt>
File: images/chapter01/Batt_roles.jpg Graphic file (type jpg)
<use images/chapter01/Batt_roles.jpg>
Package pdftex.def Info: images/chapter01/Batt_roles.jpg  used on input line 21
5.
(pdftex.def)             Requested size: 375.80544pt x 205.73431pt.


[9 <./images/chapter01/Batt_roles.jpg>]
Underfull \hbox (badness 10000) in paragraph at lines 229--230

 []



[10]
Underfull \hbox (badness 10000) in paragraph at lines 272--272
[]|\OT1/pplx/b/n/10.95 (+20) Energy
 []


Underfull \hbox (badness 10000) in paragraph at lines 272--272
\OT1/pplx/b/n/10.95 (+20) Den-sity
 []


Underfull \hbox (badness 10000) in paragraph at lines 272--272
[]|\OT1/pplx/b/n/10.95 (+20) Volumetric
 []


Underfull \hbox (badness 10000) in paragraph at lines 272--272
[]|\OT1/pplx/b/n/10.95 (+20) Cost
 []


Overfull \hbox (0.7449pt too wide) in paragraph at lines 272--272
\OT1/pplx/b/n/10.95 (-20) (USD/kWh)| 
 []


Underfull \hbox (badness 10000) in paragraph at lines 285--286

 []



[11{C:/Miktex/fonts/enc/dvips/newpx/px-lms.enc}]
<images/chapter01/TDM_Prop.jpg, id=1382, 1621.05624pt x 363.3575pt>
File: images/chapter01/TDM_Prop.jpg Graphic file (type jpg)
<use images/chapter01/TDM_Prop.jpg>
Package pdftex.def Info: images/chapter01/TDM_Prop.jpg  used on input line 293.

(pdftex.def)             Requested size: 375.80544pt x 84.23578pt.
<images/chapter01/SHDM_Prop.jpg, id=1385, 1500.60625pt x 363.3575pt>
File: images/chapter01/SHDM_Prop.jpg Graphic file (type jpg)
<use images/chapter01/SHDM_Prop.jpg>
Package pdftex.def Info: images/chapter01/SHDM_Prop.jpg  used on input line 305
.
(pdftex.def)             Requested size: 199.64731pt x 48.34146pt.
<images/chapter01/FHDM_Prop.jpg, id=1386, 1500.60625pt x 391.4625pt>
File: images/chapter01/FHDM_Prop.jpg Graphic file (type jpg)
<use images/chapter01/FHDM_Prop.jpg>
Package pdftex.def Info: images/chapter01/FHDM_Prop.jpg  used on input line 311
.
(pdftex.def)             Requested size: 199.64731pt x 52.08058pt.

Overfull \hbox (2.41994pt too wide) in paragraph at lines 303--315
[][] [] 
 []


Underfull \hbox (badness 10000) in paragraph at lines 319--320

 []



[12 <./images/chapter01/TDM_Prop.jpg> <./images/chapter01/SHDM_Prop.jpg> <./ima
ges/chapter01/FHDM_Prop.jpg>]
<images/chapter01/FHDE_Prop.jpg, id=1399, 1339.0025pt x 579.16376pt>
File: images/chapter01/FHDE_Prop.jpg Graphic file (type jpg)
<use images/chapter01/FHDE_Prop.jpg>
Package pdftex.def Info: images/chapter01/FHDE_Prop.jpg  used on input line 335
.
(pdftex.def)             Requested size: 199.64731pt x 86.34941pt.
<images/chapter01/PBE_Prop.jpg, id=1400, 1339.0025pt x 625.33624pt>
File: images/chapter01/PBE_Prop.jpg Graphic file (type jpg)
<use images/chapter01/PBE_Prop.jpg>
Package pdftex.def Info: images/chapter01/PBE_Prop.jpg  used on input line 341.

(pdftex.def)             Requested size: 199.64731pt x 93.23341pt.

Overfull \hbox (2.41994pt too wide) in paragraph at lines 333--345
[][] [] 
 []


Underfull \hbox (badness 10000) in paragraph at lines 349--350

 []



[13 <./images/chapter01/FHDE_Prop.jpg> <./images/chapter01/PBE_Prop.jpg>]
Underfull \hbox (badness 10000) in paragraph at lines 368--368
[]|\OT1/pplx/m/n/10.95 (+20) Hybrid/battery
 []

<images/chapter01/Tug.jpg, id=1420, 1280.785pt x 945.5325pt>
File: images/chapter01/Tug.jpg Graphic file (type jpg)
<use images/chapter01/Tug.jpg>
Package pdftex.def Info: images/chapter01/Tug.jpg  used on input line 387.
(pdftex.def)             Requested size: 328.82707pt x 242.74513pt.


[14]

[15 <./images/chapter01/Tug.jpg>]
Underfull \hbox (badness 10000) in paragraph at lines 436--437

 []



[16]

[17]) (content/chapter02.tex

[18]
Chapter 2.
<images/chapter02/Remolcador.png, id=1465, 2442.87656pt x 1474.75969pt>
File: images/chapter02/Remolcador.png Graphic file (type png)
<use images/chapter02/Remolcador.png>
Package pdftex.def Info: images/chapter02/Remolcador.png  used on input line 11
.
(pdftex.def)             Requested size: 234.8775pt x 141.79135pt.
<images/chapter02/Remolcador2.jpg, id=1467, 737.00343pt x 765.6103pt>
File: images/chapter02/Remolcador2.jpg Graphic file (type jpg)
<use images/chapter02/Remolcador2.jpg>
Package pdftex.def Info: images/chapter02/Remolcador2.jpg  used on input line 1
6.
(pdftex.def)             Requested size: 164.41353pt x 170.7946pt.

Overfull \hbox (2.41994pt too wide) in paragraph at lines 10--20
[][] [] 
 []



[19

 <./images/chapter02/Remolcador.png> <./images/chapter02/Remolcador2.jpg>]
<images/chapter02/Harbour_Tug.jpg, id=1484, 1091.57813pt x 768.62157pt>
File: images/chapter02/Harbour_Tug.jpg Graphic file (type jpg)
<use images/chapter02/Harbour_Tug.jpg>
Package pdftex.def Info: images/chapter02/Harbour_Tug.jpg  used on input line 5
0.
(pdftex.def)             Requested size: 327.47597pt x 230.58824pt.
<images/chapter02/SAR_Tug.png, id=1490, 532.99126pt x 297.36093pt>
File: images/chapter02/SAR_Tug.png Graphic file (type png)
<use images/chapter02/SAR_Tug.png>
Package pdftex.def Info: images/chapter02/SAR_Tug.png  used on input line 67.
(pdftex.def)             Requested size: 293.1461pt x 163.54901pt.


[20 <./images/chapter02/Harbour_Tug.jpg>]
<images/chapter02/Escort_Tug.jpg, id=1502, 1129.21875pt x 752.8125pt>
File: images/chapter02/Escort_Tug.jpg Graphic file (type jpg)
<use images/chapter02/Escort_Tug.jpg>
Package pdftex.def Info: images/chapter02/Escort_Tug.jpg  used on input line 83
.
(pdftex.def)             Requested size: 338.76823pt x 225.84549pt.


[21 <./images/chapter02/SAR_Tug.png> <./images/chapter02/Escort_Tug.jpg>]
Underfull \hbox (badness 1097) in paragraph at lines 108--108
[]|\OT1/pplx/m/n/10.95 (+20) Protected mar-itime
 []


Underfull \hbox (badness 10000) in paragraph at lines 110--110
[]|\OT1/pplx/m/n/10.95 (+20) High-Risk Ar-eas
 []


Underfull \hbox (badness 10000) in paragraph at lines 110--110
[]|\OT1/pplx/m/n/10.95 (+20) Rollover Con-trol,
 []

<images/chapter02/LengthOverall.pdf, id=1513, 721.92813pt x 478.04295pt>
File: images/chapter02/LengthOverall.pdf Graphic file (type pdf)
<use images/chapter02/LengthOverall.pdf>
Package pdftex.def Info: images/chapter02/LengthOverall.pdf  used on input line
 123.
(pdftex.def)             Requested size: 187.90271pt x 124.41953pt.
<images/chapter02/Beam.jpg, id=1514, 1306.8825pt x 485.815pt>
File: images/chapter02/Beam.jpg Graphic file (type jpg)
<use images/chapter02/Beam.jpg>
Package pdftex.def Info: images/chapter02/Beam.jpg  used on input line 129.
(pdftex.def)             Requested size: 187.90271pt x 69.84462pt.
<images/chapter02/Draught.pdf, id=1515, 724.3592pt x 478.04295pt>
File: images/chapter02/Draught.pdf Graphic file (type pdf)
<use images/chapter02/Draught.pdf>
Package pdftex.def Info: images/chapter02/Draught.pdf  used on input line 135.
(pdftex.def)             Requested size: 187.90271pt x 124.00375pt.
<images/chapter02/Depth.pdf, id=1516, 724.3592pt x 478.04295pt>
File: images/chapter02/Depth.pdf Graphic file (type pdf)
<use images/chapter02/Depth.pdf>
Package pdftex.def Info: images/chapter02/Depth.pdf  used on input line 141.
(pdftex.def)             Requested size: 187.90271pt x 124.00375pt.

Overfull \hbox (2.41994pt too wide) in paragraph at lines 121--145
[][] []
 []


Overfull \hbox (2.41994pt too wide) in paragraph at lines 121--145
[] [] 
 []



[22]
<images/chapter02/GrossTonnage.png, id=1532, 520.44438pt x 345.29pt>
File: images/chapter02/GrossTonnage.png Graphic file (type png)
<use images/chapter02/GrossTonnage.png>
Package pdftex.def Info: images/chapter02/GrossTonnage.png  used on input line 
171.
(pdftex.def)             Requested size: 187.90271pt x 124.66257pt.
<images/chapter02/NetTonnage.pdf, id=1533, 720.53793pt x 478.04295pt>
File: images/chapter02/NetTonnage.pdf Graphic file (type pdf)
<use images/chapter02/NetTonnage.pdf>
Package pdftex.def Info: images/chapter02/NetTonnage.pdf  used on input line 17
7.
(pdftex.def)             Requested size: 187.90271pt x 124.66023pt.

Overfull \hbox (2.41994pt too wide) in paragraph at lines 169--181
[][] [] 
 []



[23 <./images/chapter02/LengthOverall.pdf> <./images/chapter02/Beam.jpg> <./ima
ges/chapter02/Draught.pdf> <./images/chapter02/Depth.pdf>]

[24 <./images/chapter02/GrossTonnage.png (PNG copy)> <./images/chapter02/NetTon
nage.pdf>]
<images/chapter02/Bollard_pull.png, id=1621, 289.08pt x 103.88812pt>
File: images/chapter02/Bollard_pull.png Graphic file (type png)
<use images/chapter02/Bollard_pull.png>
Package pdftex.def Info: images/chapter02/Bollard_pull.png  used on input line 
224.
(pdftex.def)             Requested size: 289.07928pt x 103.88786pt.
<images/chapter02/ConventionalTug.pdf, id=1627, 101.42894pt x 68.05426pt>
File: images/chapter02/ConventionalTug.pdf Graphic file (type pdf)
<use images/chapter02/ConventionalTug.pdf>
Package pdftex.def Info: images/chapter02/ConventionalTug.pdf  used on input li
ne 244.
(pdftex.def)             Requested size: 234.8775pt x 157.60246pt.


[25 <./images/chapter02/Bollard_pull.png>]
<images/chapter02/ASD1Tug.pdf, id=1638, 101.42894pt x 68.05426pt>
File: images/chapter02/ASD1Tug.pdf Graphic file (type pdf)
<use images/chapter02/ASD1Tug.pdf>
Package pdftex.def Info: images/chapter02/ASD1Tug.pdf  used on input line 256.
(pdftex.def)             Requested size: 234.8775pt x 157.60246pt.
<images/chapter02/ASD2Tug.pdf, id=1641, 101.42894pt x 68.05426pt>
File: images/chapter02/ASD2Tug.pdf Graphic file (type pdf)
<use images/chapter02/ASD2Tug.pdf>
Package pdftex.def Info: images/chapter02/ASD2Tug.pdf  used on input line 261.
(pdftex.def)             Requested size: 234.8775pt x 157.60246pt.

Overfull \hbox (2.41994pt too wide) in paragraph at lines 255--265
[][] [] 
 []


Underfull \hbox (badness 10000) in paragraph at lines 271--272

 []



[26 <./images/chapter02/ConventionalTug.pdf> <./images/chapter02/ASD1Tug.pdf

pdfTeX warning: pdflatex (file ./images/chapter02/ASD1Tug.pdf): PDF inclusion: 
multiple pdfs with page group included in a single page
> <./images/chapter02/ASD2Tug.pdf

pdfTeX warning: pdflatex (file ./images/chapter02/ASD2Tug.pdf): PDF inclusion: 
multiple pdfs with page group included in a single page
>]
<images/chapter02/VSPTug.pdf, id=1717, 103.13531pt x 68.05426pt>
File: images/chapter02/VSPTug.pdf Graphic file (type pdf)
<use images/chapter02/VSPTug.pdf>
Package pdftex.def Info: images/chapter02/VSPTug.pdf  used on input line 281.
(pdftex.def)             Requested size: 234.8775pt x 154.99913pt.

Underfull \hbox (badness 1902) in paragraph at lines 303--303
[]|\OT1/pplx/m/n/10.95 (+20) Low Cost, Proven
 []


Underfull \hbox (badness 10000) in paragraph at lines 303--303
[]|\OT1/pplx/m/n/10.95 (+20) Single
 []


Underfull \hbox (badness 10000) in paragraph at lines 303--303
\OT1/pplx/m/n/10.95 (+20) Coastal/Offshore
 []


Underfull \hbox (badness 10000) in paragraph at lines 305--305
[]|\OT1/pplx/m/n/10.95 (+20) Omnidirectional
 []


Underfull \hbox (badness 10000) in paragraph at lines 305--305
\OT1/pplx/m/n/10.95 (+20) Thrust, Ex-treme
 []



[27 <./images/chapter02/VSPTug.pdf>]
<images/chapter02/3516B.jpg, id=1749, 659.46375pt x 617.30624pt>
File: images/chapter02/3516B.jpg Graphic file (type jpg)
<use images/chapter02/3516B.jpg>
Package pdftex.def Info: images/chapter02/3516B.jpg  used on input line 314.
(pdftex.def)             Requested size: 234.8775pt x 219.8564pt.

Underfull \hbox (badness 10000) in paragraph at lines 321--322

 []

<images/chapter02/fixed_propeller.png, id=1752, 564.60938pt x 396.7322pt>
File: images/chapter02/fixed_propeller.png Graphic file (type png)
<use images/chapter02/fixed_propeller.png>
Package pdftex.def Info: images/chapter02/fixed_propeller.png  used on input li
ne 335.
(pdftex.def)             Requested size: 234.8775pt x 165.04033pt.
<images/chapter02/fixed_propeller_nozzle.jpg, id=1753, 384.43625pt x 376.40625p
t>
File: images/chapter02/fixed_propeller_nozzle.jpg Graphic file (type jpg)
<use images/chapter02/fixed_propeller_nozzle.jpg>
Package pdftex.def Info: images/chapter02/fixed_propeller_nozzle.jpg  used on i
nput line 341.
(pdftex.def)             Requested size: 164.41353pt x 160.98425pt.

Overfull \hbox (2.41994pt too wide) in paragraph at lines 333--345
[][] [] 
 []



[28 <./images/chapter02/3516B.jpg>]
<images/chapter02/variable_propeller.png, id=1764, 376.40625pt x 376.40625pt>
File: images/chapter02/variable_propeller.png Graphic file (type png)
<use images/chapter02/variable_propeller.png>
Package pdftex.def Info: images/chapter02/variable_propeller.png  used on input
 line 358.
(pdftex.def)             Requested size: 176.15813pt x 176.16429pt.
<images/chapter02/variable_propeller_nozzle.png, id=1765, 319.94531pt x 319.945
31pt>
File: images/chapter02/variable_propeller_nozzle.png Graphic file (type png)
<use images/chapter02/variable_propeller_nozzle.png>
Package pdftex.def Info: images/chapter02/variable_propeller_nozzle.png  used o
n input line 364.
(pdftex.def)             Requested size: 176.15813pt x 176.16086pt.

Overfull \hbox (2.41994pt too wide) in paragraph at lines 356--368
[][] [] 
 []



[29 <./images/chapter02/fixed_propeller.png> <./images/chapter02/fixed_propelle
r_nozzle.jpg> <./images/chapter02/variable_propeller.png> <./images/chapter02/v
ariable_propeller_nozzle.png>]
<images/chapter02/schottel.jpg, id=1779, 401.5pt x 301.125pt>
File: images/chapter02/schottel.jpg Graphic file (type jpg)
<use images/chapter02/schottel.jpg>
Package pdftex.def Info: images/chapter02/schottel.jpg  used on input line 386.

(pdftex.def)             Requested size: 234.8775pt x 176.16429pt.
<images/chapter02/VSP_propeller.jpg, id=1780, 1204.5pt x 677.53125pt>
File: images/chapter02/VSP_propeller.jpg Graphic file (type jpg)
<use images/chapter02/VSP_propeller.jpg>
Package pdftex.def Info: images/chapter02/VSP_propeller.jpg  used on input line
 392.
(pdftex.def)             Requested size: 281.85228pt x 158.53754pt.

Overfull \hbox (46.97478pt too wide) in paragraph at lines 392--393
 [][] 
 []


Overfull \hbox (2.41994pt too wide) in paragraph at lines 384--396
[][] [] 
 []



[30 <./images/chapter02/schottel.jpg> <./images/chapter02/VSP_propeller.jpg>]
Underfull \hbox (badness 10000) in paragraph at lines 426--427

 []

<images/chapter02/OnCable.pdf, id=1790, 3209.72147pt x 840.24014pt>
File: images/chapter02/OnCable.pdf Graphic file (type pdf)
<use images/chapter02/OnCable.pdf>
Package pdftex.def Info: images/chapter02/OnCable.pdf  used on input line 434.
(pdftex.def)             Requested size: 352.31625pt x 92.22156pt.


[31 <./images/chapter02/OnCable.pdf>]
<images/chapter02/Bow.pdf, id=1816, 2282.16605pt x 998.71017pt>
File: images/chapter02/Bow.pdf Graphic file (type pdf)
<use images/chapter02/Bow.pdf>
Package pdftex.def Info: images/chapter02/Bow.pdf  used on input line 444.
(pdftex.def)             Requested size: 352.31625pt x 154.17368pt.
<images/chapter02/alongside.pdf, id=1821, 2282.16605pt x 913.4707pt>
File: images/chapter02/alongside.pdf Graphic file (type pdf)
<use images/chapter02/alongside.pdf>
Package pdftex.def Info: images/chapter02/alongside.pdf  used on input line 455
.
(pdftex.def)             Requested size: 352.31625pt x 141.01501pt.


[32 <./images/chapter02/Bow.pdf> <./images/chapter02/alongside.pdf>]
<images/chapter02/Path.jpg, id=1860, 543.53062pt x 353.06906pt>
File: images/chapter02/Path.jpg Graphic file (type jpg)
<use images/chapter02/Path.jpg>
Package pdftex.def Info: images/chapter02/Path.jpg  used on input line 473.
(pdftex.def)             Requested size: 407.64696pt x 264.80113pt.


[33 <./images/chapter02/Path.jpg>]
<images/chapter02/1Maneuver.pdf, id=1872, 357.60904pt x 152.50075pt>
File: images/chapter02/1Maneuver.pdf Graphic file (type pdf)
<use images/chapter02/1Maneuver.pdf>
Package pdftex.def Info: images/chapter02/1Maneuver.pdf  used on input line 559
.
(pdftex.def)             Requested size: 375.80544pt x 160.26546pt.


[34]
<images/chapter02/2Maneuvers.pdf, id=1878, 357.60904pt x 152.50075pt>
File: images/chapter02/2Maneuvers.pdf Graphic file (type pdf)
<use images/chapter02/2Maneuvers.pdf>
Package pdftex.def Info: images/chapter02/2Maneuvers.pdf  used on input line 56
6.
(pdftex.def)             Requested size: 375.80544pt x 160.26546pt.
<images/chapter02/BSFC.pdf, id=1882, 372.48961pt x 300.02791pt>
File: images/chapter02/BSFC.pdf Graphic file (type pdf)
<use images/chapter02/BSFC.pdf>
Package pdftex.def Info: images/chapter02/BSFC.pdf  used on input line 578.
(pdftex.def)             Requested size: 234.8775pt x 189.18797pt.


[35 <./images/chapter02/1Maneuver.pdf> <./images/chapter02/2Maneuvers.pdf

pdfTeX warning: pdflatex (file ./images/chapter02/2Maneuvers.pdf): PDF inclusio
n: multiple pdfs with page group included in a single page
>]
<images/chapter02/1Maneuver_RelEff.pdf, id=2178, 385.44101pt x 148.76176pt>
File: images/chapter02/1Maneuver_RelEff.pdf Graphic file (type pdf)
<use images/chapter02/1Maneuver_RelEff.pdf>
Package pdftex.def Info: images/chapter02/1Maneuver_RelEff.pdf  used on input l
ine 597.
(pdftex.def)             Requested size: 375.80544pt x 145.04326pt.
<images/chapter02/2Maneuvers_RelEff.pdf, id=2179, 385.44101pt x 148.76176pt>
File: images/chapter02/2Maneuvers_RelEff.pdf Graphic file (type pdf)
<use images/chapter02/2Maneuvers_RelEff.pdf>
Package pdftex.def Info: images/chapter02/2Maneuvers_RelEff.pdf  used on input 
line 604.
(pdftex.def)             Requested size: 375.80544pt x 145.04326pt.


[36 <./images/chapter02/BSFC.pdf> <./images/chapter02/1Maneuver_RelEff.pdf

pdfTeX warning: pdflatex (file ./images/chapter02/1Maneuver_RelEff.pdf): PDF in
clusion: multiple pdfs with page group included in a single page
>]
<images/chapter02/1Maneuver_Emiss.pdf, id=2297, 397.19893pt x 152.50075pt>
File: images/chapter02/1Maneuver_Emiss.pdf Graphic file (type pdf)
<use images/chapter02/1Maneuver_Emiss.pdf>
Package pdftex.def Info: images/chapter02/1Maneuver_Emiss.pdf  used on input li
ne 627.
(pdftex.def)             Requested size: 375.80544pt x 144.28848pt.
<images/chapter02/2Maneuvers_Emiss.pdf, id=2298, 397.19893pt x 152.50075pt>
File: images/chapter02/2Maneuvers_Emiss.pdf Graphic file (type pdf)
<use images/chapter02/2Maneuvers_Emiss.pdf>
Package pdftex.def Info: images/chapter02/2Maneuvers_Emiss.pdf  used on input l
ine 634.
(pdftex.def)             Requested size: 375.80544pt x 144.28848pt.


[37 <./images/chapter02/2Maneuvers_RelEff.pdf> <./images/chapter02/1Maneuver_Em
iss.pdf

pdfTeX warning: pdflatex (file ./images/chapter02/1Maneuver_Emiss.pdf): PDF inc
lusion: multiple pdfs with page group included in a single page
>]
<images/chapter02/Stack_1M2M.pdf, id=2425, 403.40913pt x 291.26817pt>
File: images/chapter02/Stack_1M2M.pdf Graphic file (type pdf)
<use images/chapter02/Stack_1M2M.pdf>
Package pdftex.def Info: images/chapter02/Stack_1M2M.pdf  used on input line 64
5.
(pdftex.def)             Requested size: 375.80544pt x 271.3388pt.


[38 <./images/chapter02/2Maneuvers_Emiss.pdf> <./images/chapter02/Stack_1M2M.pd
f

pdfTeX warning: pdflatex (file ./images/chapter02/Stack_1M2M.pdf): PDF inclusio
n: multiple pdfs with page group included in a single page
>]) (content/chapter03.tex

[39]
Chapter 3.
<images/chapter03/MainPropDieselEngine2.pdf, id=2535, 561.93538pt x 148.96855pt
>
File: images/chapter03/MainPropDieselEngine2.pdf Graphic file (type pdf)
<use images/chapter03/MainPropDieselEngine2.pdf>
Package pdftex.def Info: images/chapter03/MainPropDieselEngine2.pdf  used on in
put line 22.
(pdftex.def)             Requested size: 234.8775pt x 62.26631pt.


[40

 <./images/chapter03/MainPropDieselEngine2.pdf>]
<images/chapter03/AuxGenSet.pdf, id=2560, 456.11806pt x 259.15619pt>
File: images/chapter03/AuxGenSet.pdf Graphic file (type pdf)
<use images/chapter03/AuxGenSet.pdf>
Package pdftex.def Info: images/chapter03/AuxGenSet.pdf  used on input line 34.

(pdftex.def)             Requested size: 234.8775pt x 133.45308pt.
<images/chapter03/BattBank.jpg, id=2566, 426.59375pt x 393.47pt>
File: images/chapter03/BattBank.jpg Graphic file (type jpg)
<use images/chapter03/BattBank.jpg>
Package pdftex.def Info: images/chapter03/BattBank.jpg  used on input line 54.
(pdftex.def)             Requested size: 140.92793pt x 129.98958pt.


[41 <./images/chapter03/AuxGenSet.pdf> <./images/chapter03/BattBank.jpg>]
Underfull \hbox (badness 10000) in paragraph at lines 78--80

 []

<images/chapter03/SeriesHybrid.pdf, id=2591, 1067.59853pt x 376.12119pt>
File: images/chapter03/SeriesHybrid.pdf Graphic file (type pdf)
<use images/chapter03/SeriesHybrid.pdf>
Package pdftex.def Info: images/chapter03/SeriesHybrid.pdf  used on input line 
88.
(pdftex.def)             Requested size: 211.3883pt x 74.47107pt.
<images/chapter03/SeriesHybrid2.jpg, id=2592, 1533.73pt x 552.0625pt>
File: images/chapter03/SeriesHybrid2.jpg Graphic file (type jpg)
<use images/chapter03/SeriesHybrid2.jpg>
Package pdftex.def Info: images/chapter03/SeriesHybrid2.jpg  used on input line
 94.
(pdftex.def)             Requested size: 211.3883pt x 76.08362pt.

Overfull \hbox (2.41994pt too wide) in paragraph at lines 86--98
[][] [] 
 []


Underfull \hbox (badness 10000) in paragraph at lines 102--103

 []



[42 <./images/chapter03/SeriesHybrid.pdf> <./images/chapter03/SeriesHybrid2.jpg
>]
Underfull \hbox (badness 10000) in paragraph at lines 104--105

 []


Underfull \hbox (badness 10000) in paragraph at lines 106--107

 []

<images/chapter03/SeriesHybrid3.pdf, id=2618, 1067.59853pt x 376.12119pt>
File: images/chapter03/SeriesHybrid3.pdf Graphic file (type pdf)
<use images/chapter03/SeriesHybrid3.pdf>
Package pdftex.def Info: images/chapter03/SeriesHybrid3.pdf  used on input line
 125.
(pdftex.def)             Requested size: 211.3883pt x 74.47107pt.
<images/chapter03/SeriesHybrid4.jpg, id=2619, 1533.73pt x 595.22375pt>
File: images/chapter03/SeriesHybrid4.jpg Graphic file (type jpg)
<use images/chapter03/SeriesHybrid4.jpg>
Package pdftex.def Info: images/chapter03/SeriesHybrid4.jpg  used on input line
 131.
(pdftex.def)             Requested size: 211.3883pt x 82.03197pt.

Overfull \hbox (2.41994pt too wide) in paragraph at lines 123--135
[][] [] 
 []


Underfull \hbox (badness 10000) in paragraph at lines 139--140

 []

<images/chapter03/ParallelHybrid.jpg, id=2624, 1533.73pt x 614.295pt>
File: images/chapter03/ParallelHybrid.jpg Graphic file (type jpg)
<use images/chapter03/ParallelHybrid.jpg>
Package pdftex.def Info: images/chapter03/ParallelHybrid.jpg  used on input lin
e 147.
(pdftex.def)             Requested size: 375.80544pt x 150.51764pt.


[43 <./images/chapter03/SeriesHybrid3.pdf> <./images/chapter03/SeriesHybrid4.jp
g>]
Underfull \hbox (badness 10000) in paragraph at lines 156--157

 []

<images/chapter03/PTO.pdf, id=2648, 1067.59853pt x 425.47154pt>
File: images/chapter03/PTO.pdf Graphic file (type pdf)
<use images/chapter03/PTO.pdf>
Package pdftex.def Info: images/chapter03/PTO.pdf  used on input line 164.
(pdftex.def)             Requested size: 375.80544pt x 149.76773pt.
<images/chapter03/PTI.pdf, id=2651, 1067.59853pt x 425.47154pt>
File: images/chapter03/PTI.pdf Graphic file (type pdf)
<use images/chapter03/PTI.pdf>
Package pdftex.def Info: images/chapter03/PTI.pdf  used on input line 171.
(pdftex.def)             Requested size: 375.80544pt x 149.76773pt.


[44 <./images/chapter03/ParallelHybrid.jpg> <./images/chapter03/PTO.pdf>]
<images/chapter03/PTH.pdf, id=2674, 1067.59853pt x 425.47154pt>
File: images/chapter03/PTH.pdf Graphic file (type pdf)
<use images/chapter03/PTH.pdf>
Package pdftex.def Info: images/chapter03/PTH.pdf  used on input line 178.
(pdftex.def)             Requested size: 375.80544pt x 149.76773pt.

Underfull \hbox (badness 2343) in paragraph at lines 196--197
\OT1/pplx/m/n/10.95 (+20) power sources with rated
 []


Underfull \hbox (badness 5161) in paragraph at lines 200--201
[]|\OT1/pplx/m/n/10.95 (+20) Efficiency lim-ited by the
 []


Underfull \hbox (badness 1248) in paragraph at lines 200--201
\OT1/pplx/m/n/10.95 (+20) etc.). If mul-ti-ple sources
 []


Underfull \hbox (badness 1688) in paragraph at lines 204--205
[]|\OT1/pplx/m/n/10.95 (+20) Very high level of re-dun-
 []



[45 <./images/chapter03/PTI.pdf> <./images/chapter03/PTH.pdf>]
Underfull \hbox (badness 10000) in paragraph at lines 216--217

 []

<images/chapter03/AC_Link.pdf, id=2751, 1067.59853pt x 376.12119pt>
File: images/chapter03/AC_Link.pdf Graphic file (type pdf)
<use images/chapter03/AC_Link.pdf>
Package pdftex.def Info: images/chapter03/AC_Link.pdf  used on input line 224.
(pdftex.def)             Requested size: 375.80544pt x 132.39621pt.


[46]
<images/chapter03/DC_Link.pdf, id=2761, 1067.59853pt x 376.12119pt>
File: images/chapter03/DC_Link.pdf Graphic file (type pdf)
<use images/chapter03/DC_Link.pdf>
Package pdftex.def Info: images/chapter03/DC_Link.pdf  used on input line 252.
(pdftex.def)             Requested size: 375.80544pt x 132.39621pt.

Underfull \hbox (badness 10000) in paragraph at lines 257--258

 []



[47 <./images/chapter03/AC_Link.pdf> <./images/chapter03/DC_Link.pdf>]
Underfull \hbox (badness 10000) in paragraph at lines 259--260

 []


Underfull \hbox (badness 3029) in paragraph at lines 278--279
\OT1/pplx/m/n/10.95 (+20) bil-ity de-pends strictly on
 []


Overfull \hbox (9.8333pt too wide) in paragraph at lines 273--295
 [][] 
 []

<images/chapter03/Segregated_PS.pdf, id=2819, 1067.59853pt x 425.47154pt>
File: images/chapter03/Segregated_PS.pdf Graphic file (type pdf)
<use images/chapter03/Segregated_PS.pdf>
Package pdftex.def Info: images/chapter03/Segregated_PS.pdf  used on input line
 307.
(pdftex.def)             Requested size: 375.80544pt x 149.76773pt.


[48]
Underfull \hbox (badness 10000) in paragraph at lines 312--313

 []

<images/chapter03/Integrated_PS.pdf, id=2827, 1067.59853pt x 425.47154pt>
File: images/chapter03/Integrated_PS.pdf Graphic file (type pdf)
<use images/chapter03/Integrated_PS.pdf>
Package pdftex.def Info: images/chapter03/Integrated_PS.pdf  used on input line
 333.
(pdftex.def)             Requested size: 375.80544pt x 149.76773pt.


[49 <./images/chapter03/Segregated_PS.pdf>]
Underfull \hbox (badness 10000) in paragraph at lines 338--339

 []


Underfull \hbox (badness 10000) in paragraph at lines 340--341

 []

<images/chapter03/Esquema_General.jpg, id=2850, 1580.90625pt x 754.82pt>
File: images/chapter03/Esquema_General.jpg Graphic file (type jpg)
<use images/chapter03/Esquema_General.jpg>
Package pdftex.def Info: images/chapter03/Esquema_General.jpg  used on input li
ne 359.
(pdftex.def)             Requested size: 375.80544pt x 179.43286pt.


[50 <./images/chapter03/Integrated_PS.pdf>]
Underfull \hbox (badness 10000) in paragraph at lines 364--365

 []

<images/chapter03/Towing_Mode.pdf, id=2869, 1067.59853pt x 451.97458pt>
File: images/chapter03/Towing_Mode.pdf Graphic file (type pdf)
<use images/chapter03/Towing_Mode.pdf>
Package pdftex.def Info: images/chapter03/Towing_Mode.pdf  used on input line 3
82.
(pdftex.def)             Requested size: 375.80544pt x 159.09692pt.


[51 <./images/chapter03/Esquema_General.jpg>]
<images/chapter03/FreeSailingMode.pdf, id=2876, 1067.59853pt x 453.72311pt>
File: images/chapter03/FreeSailingMode.pdf Graphic file (type pdf)
<use images/chapter03/FreeSailingMode.pdf>
Package pdftex.def Info: images/chapter03/FreeSailingMode.pdf  used on input li
ne 393.
(pdftex.def)             Requested size: 375.80544pt x 159.7124pt.

Underfull \hbox (badness 10000) in paragraph at lines 398--399

 []


Underfull \hbox (badness 10000) in paragraph at lines 400--401

 []



[52 <./images/chapter03/Towing_Mode.pdf> <./images/chapter03/FreeSailingMode.pd
f

pdfTeX warning: pdflatex (file ./images/chapter03/FreeSailingMode.pdf): PDF inc
lusion: multiple pdfs with page group included in a single page
>]
<images/chapter03/MTU_16V_4000.jpg, id=3196, 516.42938pt x 335.75438pt>
File: images/chapter03/MTU_16V_4000.jpg Graphic file (type jpg)
<use images/chapter03/MTU_16V_4000.jpg>
Package pdftex.def Info: images/chapter03/MTU_16V_4000.jpg  used on input line 
412.
(pdftex.def)             Requested size: 211.3883pt x 137.43475pt.
<images/chapter03/BSFC_MTU.pdf, id=3197, 372.8911pt x 300.02791pt>
File: images/chapter03/BSFC_MTU.pdf Graphic file (type pdf)
<use images/chapter03/BSFC_MTU.pdf>
Package pdftex.def Info: images/chapter03/BSFC_MTU.pdf  used on input line 418.

(pdftex.def)             Requested size: 211.3883pt x 170.08833pt.

Overfull \hbox (2.41994pt too wide) in paragraph at lines 410--422
[][] [] 
 []

<images/chapter03/StandBy_Mode.pdf, id=3198, 1067.59853pt x 451.97458pt>
File: images/chapter03/StandBy_Mode.pdf Graphic file (type pdf)
<use images/chapter03/StandBy_Mode.pdf>
Package pdftex.def Info: images/chapter03/StandBy_Mode.pdf  used on input line 
430.
(pdftex.def)             Requested size: 375.80544pt x 159.09692pt.


[53 <./images/chapter03/MTU_16V_4000.jpg> <./images/chapter03/BSFC_MTU.pdf> <./
images/chapter03/StandBy_Mode.pdf

pdfTeX warning: pdflatex (file ./images/chapter03/StandBy_Mode.pdf): PDF inclus
ion: multiple pdfs with page group included in a single page
>]
<images/chapter03/1M_HybTug_RelEff_015.pdf, id=3332, 385.44202pt x 163.06421pt>

File: images/chapter03/1M_HybTug_RelEff_015.pdf Graphic file (type pdf)
<use images/chapter03/1M_HybTug_RelEff_015.pdf>
Package pdftex.def Info: images/chapter03/1M_HybTug_RelEff_015.pdf  used on inp
ut line 449.
(pdftex.def)             Requested size: 375.80544pt x 158.98819pt.
<images/chapter03/1M_HybTug_RelEff_025.pdf, id=3333, 385.44202pt x 163.06421pt>

File: images/chapter03/1M_HybTug_RelEff_025.pdf Graphic file (type pdf)
<use images/chapter03/1M_HybTug_RelEff_025.pdf>
Package pdftex.def Info: images/chapter03/1M_HybTug_RelEff_025.pdf  used on inp
ut line 456.
(pdftex.def)             Requested size: 375.80544pt x 158.98819pt.


[54 <./images/chapter03/1M_HybTug_RelEff_015.pdf> <./images/chapter03/1M_HybTug
_RelEff_025.pdf

pdfTeX warning: pdflatex (file ./images/chapter03/1M_HybTug_RelEff_025.pdf): PD
F inclusion: multiple pdfs with page group included in a single page
>]
<images/chapter03/2M_HybTug_RelEff_015.pdf, id=3463, 385.44202pt x 163.06421pt>

File: images/chapter03/2M_HybTug_RelEff_015.pdf Graphic file (type pdf)
<use images/chapter03/2M_HybTug_RelEff_015.pdf>
Package pdftex.def Info: images/chapter03/2M_HybTug_RelEff_015.pdf  used on inp
ut line 469.
(pdftex.def)             Requested size: 375.80544pt x 158.98819pt.
<images/chapter03/2M_HybTug_RelEff_025.pdf, id=3464, 385.44202pt x 163.06421pt>

File: images/chapter03/2M_HybTug_RelEff_025.pdf Graphic file (type pdf)
<use images/chapter03/2M_HybTug_RelEff_025.pdf>
Package pdftex.def Info: images/chapter03/2M_HybTug_RelEff_025.pdf  used on inp
ut line 476.
(pdftex.def)             Requested size: 375.80544pt x 158.98819pt.


[55 <./images/chapter03/2M_HybTug_RelEff_015.pdf> <./images/chapter03/2M_HybTug
_RelEff_025.pdf

pdfTeX warning: pdflatex (file ./images/chapter03/2M_HybTug_RelEff_025.pdf): PD
F inclusion: multiple pdfs with page group included in a single page
>]
<images/chapter03/1M_HybTug_Emiss_015.pdf, id=3597, 397.19994pt x 152.49873pt>
File: images/chapter03/1M_HybTug_Emiss_015.pdf Graphic file (type pdf)
<use images/chapter03/1M_HybTug_Emiss_015.pdf>
Package pdftex.def Info: images/chapter03/1M_HybTug_Emiss_015.pdf  used on inpu
t line 493.
(pdftex.def)             Requested size: 375.80544pt x 144.28656pt.
<images/chapter03/1M_HybTug_Emiss_025.pdf, id=3598, 397.19994pt x 152.49873pt>
File: images/chapter03/1M_HybTug_Emiss_025.pdf Graphic file (type pdf)
<use images/chapter03/1M_HybTug_Emiss_025.pdf>
Package pdftex.def Info: images/chapter03/1M_HybTug_Emiss_025.pdf  used on inpu
t line 501.
(pdftex.def)             Requested size: 375.80544pt x 144.28656pt.
<images/chapter03/2M_HybTug_Emiss_015.pdf, id=3604, 397.19994pt x 152.49873pt>
File: images/chapter03/2M_HybTug_Emiss_015.pdf Graphic file (type pdf)
<use images/chapter03/2M_HybTug_Emiss_015.pdf>
Package pdftex.def Info: images/chapter03/2M_HybTug_Emiss_015.pdf  used on inpu
t line 516.
(pdftex.def)             Requested size: 375.80544pt x 144.28656pt.


[56 <./images/chapter03/1M_HybTug_Emiss_015.pdf> <./images/chapter03/1M_HybTug_
Emiss_025.pdf

pdfTeX warning: pdflatex (file ./images/chapter03/1M_HybTug_Emiss_025.pdf): PDF
 inclusion: multiple pdfs with page group included in a single page
>]
<images/chapter03/2M_HybTug_Emiss_025.pdf, id=3711, 397.19994pt x 152.49873pt>
File: images/chapter03/2M_HybTug_Emiss_025.pdf Graphic file (type pdf)
<use images/chapter03/2M_HybTug_Emiss_025.pdf>
Package pdftex.def Info: images/chapter03/2M_HybTug_Emiss_025.pdf  used on inpu
t line 523.
(pdftex.def)             Requested size: 375.80544pt x 144.28656pt.
<images/chapter03/Stack_Batt_1M.pdf, id=3713, 403.40913pt x 291.26817pt>
File: images/chapter03/Stack_Batt_1M.pdf Graphic file (type pdf)
<use images/chapter03/Stack_Batt_1M.pdf>
Package pdftex.def Info: images/chapter03/Stack_Batt_1M.pdf  used on input line
 537.
(pdftex.def)             Requested size: 211.3883pt x 152.62474pt.
<images/chapter03/Stack_Batt_2M.pdf, id=3714, 400.76225pt x 290.2072pt>
File: images/chapter03/Stack_Batt_2M.pdf Graphic file (type pdf)
<use images/chapter03/Stack_Batt_2M.pdf>
Package pdftex.def Info: images/chapter03/Stack_Batt_2M.pdf  used on input line
 543.
(pdftex.def)             Requested size: 211.3883pt x 153.07841pt.

Overfull \hbox (2.41994pt too wide) in paragraph at lines 535--547
[][] [] 
 []



[57 <./images/chapter03/2M_HybTug_Emiss_015.pdf> <./images/chapter03/2M_HybTug_
Emiss_025.pdf

pdfTeX warning: pdflatex (file ./images/chapter03/2M_HybTug_Emiss_025.pdf): PDF
 inclusion: multiple pdfs with page group included in a single page
>]
Underfull \hbox (badness 10000) in paragraph at lines 551--552

 []

<images/chapter03/Stack_HybTug_1M2M_015.pdf, id=3824, 403.40913pt x 291.26817pt
>
File: images/chapter03/Stack_HybTug_1M2M_015.pdf Graphic file (type pdf)
<use images/chapter03/Stack_HybTug_1M2M_015.pdf>
Package pdftex.def Info: images/chapter03/Stack_HybTug_1M2M_015.pdf  used on in
put line 562.
(pdftex.def)             Requested size: 211.3883pt x 152.62474pt.
<images/chapter03/Stack_HybTug_1M2M_025.pdf, id=3825, 403.40913pt x 291.26817pt
>
File: images/chapter03/Stack_HybTug_1M2M_025.pdf Graphic file (type pdf)
<use images/chapter03/Stack_HybTug_1M2M_025.pdf>
Package pdftex.def Info: images/chapter03/Stack_HybTug_1M2M_025.pdf  used on in
put line 568.
(pdftex.def)             Requested size: 211.3883pt x 152.62474pt.

Overfull \hbox (2.41994pt too wide) in paragraph at lines 560--572
[][] [] 
 []



[58 <./images/chapter03/Stack_Batt_1M.pdf> <./images/chapter03/Stack_Batt_2M.pd
f

pdfTeX warning: pdflatex (file ./images/chapter03/Stack_Batt_2M.pdf): PDF inclu
sion: multiple pdfs with page group included in a single page
> <./images/chapter03/Stack_HybTug_1M2M_015.pdf

pdfTeX warning: pdflatex (file ./images/chapter03/Stack_HybTug_1M2M_015.pdf): P
DF inclusion: multiple pdfs with page group included in a single page
> <./images/chapter03/Stack_HybTug_1M2M_025.pdf

pdfTeX warning: pdflatex (file ./images/chapter03/Stack_HybTug_1M2M_025.pdf): P
DF inclusion: multiple pdfs with page group included in a single page
>]
<images/chapter03/Total_ct_1M.pdf, id=4032, 421.575pt x 316.18124pt>
File: images/chapter03/Total_ct_1M.pdf Graphic file (type pdf)
<use images/chapter03/Total_ct_1M.pdf>
Package pdftex.def Info: images/chapter03/Total_ct_1M.pdf  used on input line 5
81.
(pdftex.def)             Requested size: 375.80544pt x 281.85875pt.
<images/chapter03/Total_ht_1M_015.pdf, id=4033, 421.575pt x 316.18124pt>
File: images/chapter03/Total_ht_1M_015.pdf Graphic file (type pdf)
<use images/chapter03/Total_ht_1M_015.pdf>
Package pdftex.def Info: images/chapter03/Total_ht_1M_015.pdf  used on input li
ne 589.
(pdftex.def)             Requested size: 234.8775pt x 176.1581pt.
<images/chapter03/Total_ht_1M_025.pdf, id=4034, 421.575pt x 316.18124pt>
File: images/chapter03/Total_ht_1M_025.pdf Graphic file (type pdf)
<use images/chapter03/Total_ht_1M_025.pdf>
Package pdftex.def Info: images/chapter03/Total_ht_1M_025.pdf  used on input li
ne 595.
(pdftex.def)             Requested size: 234.8775pt x 176.1581pt.

Overfull \hbox (2.41994pt too wide) in paragraph at lines 587--599
[][] [] 
 []

<images/chapter03/Total_ct_2M.pdf, id=4035, 421.575pt x 316.18124pt>
File: images/chapter03/Total_ct_2M.pdf Graphic file (type pdf)
<use images/chapter03/Total_ct_2M.pdf>
Package pdftex.def Info: images/chapter03/Total_ct_2M.pdf  used on input line 6
05.
(pdftex.def)             Requested size: 375.80544pt x 281.85875pt.


[59 <./images/chapter03/Total_ct_1M.pdf> <./images/chapter03/Total_ht_1M_015.pd
f> <./images/chapter03/Total_ht_1M_025.pdf>]
<images/chapter03/Total_ht_2M_015.pdf, id=4076, 421.575pt x 316.18124pt>
File: images/chapter03/Total_ht_2M_015.pdf Graphic file (type pdf)
<use images/chapter03/Total_ht_2M_015.pdf>
Package pdftex.def Info: images/chapter03/Total_ht_2M_015.pdf  used on input li
ne 614.
(pdftex.def)             Requested size: 234.8775pt x 176.1581pt.
<images/chapter03/Total_ht_2M_025.pdf, id=4077, 421.575pt x 316.18124pt>
File: images/chapter03/Total_ht_2M_025.pdf Graphic file (type pdf)
<use images/chapter03/Total_ht_2M_025.pdf>
Package pdftex.def Info: images/chapter03/Total_ht_2M_025.pdf  used on input li
ne 620.
(pdftex.def)             Requested size: 234.8775pt x 176.1581pt.

Overfull \hbox (2.41994pt too wide) in paragraph at lines 612--624
[][] [] 
 []



[60 <./images/chapter03/Total_ct_2M.pdf> <./images/chapter03/Total_ht_2M_015.pd
f> <./images/chapter03/Total_ht_2M_025.pdf>]) (content/chapter04.tex

[61]
Chapter 4.


[62

]

[63]

[64]

[65]

[66]

[67]

[68]
Underfull \hbox (badness 10000) in paragraph at lines 317--318

 []



[69]

[70]

[71]

[72]

[73]

[74]

[75]
<images/chapter04/RadarPlot_x3_015.jpg, id=4286, 549.05125pt x 496.85625pt>
File: images/chapter04/RadarPlot_x3_015.jpg Graphic file (type jpg)
<use images/chapter04/RadarPlot_x3_015.jpg>
Package pdftex.def Info: images/chapter04/RadarPlot_x3_015.jpg  used on input l
ine 947.
(pdftex.def)             Requested size: 234.8775pt x 212.54471pt.
<images/chapter04/RadarPlot_x2_015.jpg, id=4287, 549.05125pt x 495.8525pt>
File: images/chapter04/RadarPlot_x2_015.jpg Graphic file (type jpg)
<use images/chapter04/RadarPlot_x2_015.jpg>
Package pdftex.def Info: images/chapter04/RadarPlot_x2_015.jpg  used on input l
ine 953.
(pdftex.def)             Requested size: 234.8775pt x 212.11533pt.

Overfull \hbox (2.41994pt too wide) in paragraph at lines 945--957
[][] [] 
 []



[76]
<images/chapter04/RadarPlot_x3_025.jpg, id=4294, 549.05125pt x 495.8525pt>
File: images/chapter04/RadarPlot_x3_025.jpg Graphic file (type jpg)
<use images/chapter04/RadarPlot_x3_025.jpg>
Package pdftex.def Info: images/chapter04/RadarPlot_x3_025.jpg  used on input l
ine 964.
(pdftex.def)             Requested size: 234.8775pt x 212.11533pt.
<images/chapter04/RadarPlot_x2_025.jpg, id=4295, 549.05125pt x 495.8525pt>
File: images/chapter04/RadarPlot_x2_025.jpg Graphic file (type jpg)
<use images/chapter04/RadarPlot_x2_025.jpg>
Package pdftex.def Info: images/chapter04/RadarPlot_x2_025.jpg  used on input l
ine 970.
(pdftex.def)             Requested size: 234.8775pt x 212.11533pt.

Overfull \hbox (2.41994pt too wide) in paragraph at lines 962--974
[][] [] 
 []



[77 <./images/chapter04/RadarPlot_x3_015.jpg> <./images/chapter04/RadarPlot_x2_
015.jpg> <./images/chapter04/RadarPlot_x3_025.jpg> <./images/chapter04/RadarPlo
t_x2_025.jpg>]

[78]
Underfull \hbox (badness 10000) in paragraph at lines 1123--1124

 []



[79]
Underfull \hbox (badness 10000) in paragraph at lines 1125--1127

 []



[80]
Underfull \hbox (badness 10000) in paragraph at lines 1159--1160

 []



[81]

[82]

[83]

[84]

[85]

[86]

[87]

[88]) (content/chapter05.tex

[89]
Chapter 5.
<images/chapter05/U27_36XP.jpg, id=4440, 886.81313pt x 747.54282pt>
File: images/chapter05/U27_36XP.jpg Graphic file (type jpg)
<use images/chapter05/U27_36XP.jpg>
Package pdftex.def Info: images/chapter05/U27_36XP.jpg  used on input line 14.
(pdftex.def)             Requested size: 187.90271pt x 158.39163pt.
<images/chapter05/U27_36XP_profile.jpg, id=4441, 601.4972pt x 383.18156pt>
File: images/chapter05/U27_36XP_profile.jpg Graphic file (type jpg)
<use images/chapter05/U27_36XP_profile.jpg>
Package pdftex.def Info: images/chapter05/U27_36XP_profile.jpg  used on input l
ine 20.
(pdftex.def)             Requested size: 211.3883pt x 134.66516pt.

Overfull \hbox (2.41994pt too wide) in paragraph at lines 12--24
[][] [] 
 []



[90

 <./images/chapter05/U27_36XP.jpg> <./images/chapter05/U27_36XP_profile.jpg>]
<images/chapter05/discharge_curve.jpg, id=4449, 316.93407pt x 252.945pt>
File: images/chapter05/discharge_curve.jpg Graphic file (type jpg)
<use images/chapter05/discharge_curve.jpg>
Package pdftex.def Info: images/chapter05/discharge_curve.jpg  used on input li
ne 103.
(pdftex.def)             Requested size: 234.8775pt x 187.46198pt.


[91]
<images/chapter05/simulink_profile.jpg, id=4456, 562.1pt x 421.575pt>
File: images/chapter05/simulink_profile.jpg Graphic file (type jpg)
<use images/chapter05/simulink_profile.jpg>
Package pdftex.def Info: images/chapter05/simulink_profile.jpg  used on input l
ine 115.
(pdftex.def)             Requested size: 234.8775pt x 176.15327pt.
<images/chapter05/simulink_small_bank.jpg, id=4457, 562.1pt x 421.575pt>
File: images/chapter05/simulink_small_bank.jpg Graphic file (type jpg)
<use images/chapter05/simulink_small_bank.jpg>
Package pdftex.def Info: images/chapter05/simulink_small_bank.jpg  used on inpu
t line 146.
(pdftex.def)             Requested size: 234.8775pt x 176.15327pt.


[92 <./images/chapter05/discharge_curve.jpg> <./images/chapter05/simulink_profi
le.jpg>]
<images/chapter05/simulink_large_bank.jpg, id=4462, 562.1pt x 421.575pt>
File: images/chapter05/simulink_large_bank.jpg Graphic file (type jpg)
<use images/chapter05/simulink_large_bank.jpg>
Package pdftex.def Info: images/chapter05/simulink_large_bank.jpg  used on inpu
t line 180.
(pdftex.def)             Requested size: 234.8775pt x 176.15327pt.
) (content/Appendix.tex

[93 <./images/chapter05/simulink_small_bank.jpg> <./images/chapter05/simulink_l
arge_bank.jpg>]

[94]
Chapter 6.
LaTeX Font Info:    Font shape `U/msa/m/n' will be
(Font)              scaled to size 15.0049pt on input line 5.
LaTeX Font Info:    Font shape `U/msa/m/n' will be
(Font)              scaled to size 10.94107pt on input line 5.
LaTeX Font Info:    Font shape `U/msa/m/n' will be
(Font)              scaled to size 8.23184pt on input line 5.
LaTeX Font Info:    Font shape `U/msb/m/n' will be
(Font)              scaled to size 15.0049pt on input line 5.
LaTeX Font Info:    Font shape `U/msb/m/n' will be
(Font)              scaled to size 10.94107pt on input line 5.
LaTeX Font Info:    Font shape `U/msb/m/n' will be
(Font)              scaled to size 8.23184pt on input line 5.

Package hyperref Warning: Token not allowed in a PDF string (Unicode):
(hyperref)                removing `\mathsurround' on input line 5.


Package hyperref Warning: Token not allowed in a PDF string (Unicode):
(hyperref)                removing `\z@' on input line 5.


Package hyperref Warning: Token not allowed in a PDF string (Unicode):
(hyperref)                removing `subscript' on input line 5.



[95

]
Underfull \hbox (badness 10000) in paragraph at lines 135--136

 []



[96]

[97]

[98])

[99] (content/bibliography.tex (main.bbl
Underfull \hbox (badness 10000) in paragraph at lines 56--57
[]\OT1/pplx/m/n/10.95 (+20) W[]art-sil[]a, ``En-cy-clo-pe-dia of Ma-rine And En
-ergy Tech-nol-ogy". [On-line]:
 []



[100



]

[101]
Underfull \hbox (badness 10000) in paragraph at lines 143--144
[]\OT1/pplx/m/n/10.95 (+20) Salvamento Mar[]^^Ptimo, ``Re-mol-cadores de Sal-va
-mento", [On-line]:
 []


Underfull \hbox (badness 1796) in paragraph at lines 165--166
[]\OT1/pplx/m/n/10.95 (+20) Discover Boat-ing, ``What Is a Boat Beam and Why Is
 It Im-por-tant?", [On-line]:
 []


Underfull \hbox (badness 10000) in paragraph at lines 177--178
[]\OT1/pplx/m/n/10.95 (+20) Shiphandling for Pro-fes-sion-als, ``Types of Tugs"
, [On-line]:
 []



[102]
Underfull \hbox (badness 10000) in paragraph at lines 195--196
[]\OT1/pplx/m/n/10.95 (+20) Volvo Penta, `Se-rial or par-al-lel hy-brid ma-rine
 propul-sion?", [On-line]:
 []


Underfull \hbox (badness 10000) in paragraph at lines 233--234
[]\OT1/pplx/m/n/10.95 (+20) UFine Blog, ``LFP vs. NMC Bat-tery: What is the Dif
-fer-ence?". [On-line]:
 []



[103]
Underfull \hbox (badness 10000) in paragraph at lines 261--262
[]\OT1/pplx/m/n/10.95 (+20) Test Equip-ment De-pot, ``Preen ADG-PLUS-1000-100" 
[On-line]:
 []


pdfTeX warning (ext4): destination with the same identifier (name{cite.Wartsila
2}) has been already used, duplicate ignored
<to be read again> 
                   \relax 
l.278 \bibitem{Wartsila2}
                         ))

[104] (main.aux)
 ***********
LaTeX2e <2024-11-01> patch level 2
L3 programming layer <2025-04-29>
 ***********


LaTeX Warning: There were multiply-defined labels.

Package rerunfilecheck Info: File `main.out' has not changed.
(rerunfilecheck)             Checksum: 7E79B1BC2973272A65C5EA36604CE1C6;19046.
 ) 
Here is how much of TeX's memory you used:
 21086 strings out of 469922
 339977 string characters out of 5485977
 770993 words of memory out of 5000000
 46288 multiletter control sequences out of 15000+600000
 733936 words of font info for 667 fonts, out of 8000000 for 9000
 1141 hyphenation exceptions out of 8191
 83i,17n,131p,1646b,665s stack positions out of 10000i,1000n,20000p,200000b,200000s

pdfTeX warning (dest): name{https://www.mof.go.kr/page/en/selectPage.do?menuSeq
=1588&pageSeq=1017&listUpdtDt=2026-01-12++10$\\%$3A00} has been referenced but 
does not exist, replaced by a fixed one


pdfTeX warning (dest): name{https://sdgs.un.org/partnerships/carbon-tax-co2-tax
} has been referenced but does not exist, replaced by a fixed one


pdfTeX warning (dest): name{https://echandia.se/insights/article/what-batteries
-are-used-in-sparky-the-tugboat/} has been referenced but does not exist, repla
ced by a fixed one


pdfTeX warning (dest): name{https://old.hacienda.cl/glosario/tasa-interna-de-re
torno-tir.html} has been referenced but does not exist, replaced by a fixed one



pdfTeX warning (dest): name{https://www.wartsila.com/marine/products/ship-elect
rification-solutions/hybrid-solutions} has been referenced but does not exist, 
replaced by a fixed one


pdfTeX warning (dest): name{https://www.bonnenbatteries.com/lfp-battery-vs-nmc-
battery-choosing-the-right-battery-for-your-electric-boat/} has been referenced
 but does not exist, replaced by a fixed one


pdfTeX warning (dest): name{https://sunreef-yachts.com/en/eco-insights/electric
-boat-batteries/} has been referenced but does not exist, replaced by a fixed o
ne


pdfTeX warning (dest): name{https://www.ritarpower.com/industry_information/The
-Price-of-50-kWh-Lithium-Ion-Batteries-A-Comprehensive-Analysis_297.html} has b
een referenced but does not exist, replaced by a fixed one


pdfTeX warning (dest): name{https://www.testequipmentdepot.com/preen-adg-plus-1
000-100-programmable-high-power-dc-power-supply-1000v-100a-100kw.html} has been
 referenced but does not exist, replaced by a fixed one


pdfTeX warning (dest): name{https://professionalmariner.com/fosss-second-hybrid
-tugboat-employs-new-more-powerful-lithium-polymer-batteries/} has been referen
ced but does not exist, replaced by a fixed one


pdfTeX warning (dest): name{https://www.evlithium.com/Blog/nmc-vs-lfp-vs-lto-ba
tteries-comparison.html} has been referenced but does not exist, replaced by a 
fixed one


pdfTeX warning (dest): name{https://www.ankersolix.com/uk/blogs/solar-generator
/lfp-vs-nmc-batteries} has been referenced but does not exist, replaced by a fi
xed one


pdfTeX warning (dest): name{https://x-engineer.org/ev-design-battery-calculatio
n/} has been referenced but does not exist, replaced by a fixed one


pdfTeX warning (dest): name{https://www.lithionbattery.com/news/hybrid-tugboats
-case-study} has been referenced but does not exist, replaced by a fixed one


pdfTeX warning (dest): name{https://www.ufinebattery.com/blog/lfp-vs-nmc-batter
y-what-is-the-difference/} has been referenced but does not exist, replaced by 
a fixed one


pdfTeX warning (dest): name{https://ieng.tech/battery-energy-storage-system-des
ign/} has been referenced but does not exist, replaced by a fixed one


pdfTeX warning (dest): name{https://www.wartsila.com/insights/article/dc-or-not
-dc-that-is-the-question} has been referenced but does not exist, replaced by a
 fixed one


pdfTeX warning (dest): name{https://www.nautechnews.it/2025/08/15/the-renaissan
ce-of-the-direct-current/} has been referenced but does not exist, replaced by 
a fixed one


pdfTeX warning (dest): name{https://www.volvopenta.com/en-us/about-us/news-page
/2021/may/serial-or-parallel-hybrid-marine-propulsion-how-do-they-work/} has be
en referenced but does not exist, replaced by a fixed one


pdfTeX warning (dest): name{https://www.yachtbuyer.com/en/advice/horsepower-vs-
brake-horsepower-hp-vs-bhp-n-whatrs-the-difference} has been referenced but doe
s not exist, replaced by a fixed one


pdfTeX warning (dest): name{https://www.shiphandlingpro.com/copy-of-tugs} has b
een referenced but does not exist, replaced by a fixed one


pdfTeX warning (dest): name{https://www.britannica.com/technology} has been ref
erenced but does not exist, replaced by a fixed one


pdfTeX warning (dest): name{https://www.chinarubberfender.com/difference-betwee
n-gross-tonnage-net-tonnage-and-deadweight-tonnage/} has been referenced but do
es not exist, replaced by a fixed one


pdfTeX warning (dest): name{https://www.discoverboating.com/resources/boat-beam
} has been referenced but does not exist, replaced by a fixed one


pdfTeX warning (dest): name{https://hz-containers.com/es/glosario/beam-ancho-de
l-barco/} has been referenced but does not exist, replaced by a fixed one


pdfTeX warning (dest): name{https://wleonline.com} has been referenced but does
 not exist, replaced by a fixed one


pdfTeX warning (dest): name{https://portalportuario.cl/saam-recibe-dos-nuevos-r
emolcadores-para-reforzar-su-flota-en-chile/} has been referenced but does not 
exist, replaced by a fixed one


pdfTeX warning (dest): name{https://www.cotecmar.com/construcciones/remolcador-
de-apoyo-logistico-multiproposito} has been referenced but does not exist, repl
aced by a fixed one


pdfTeX warning (dest): name{https://www.salvamentomaritimo.es/sala-de-comunicac
ion/sala-de-prensa/remolcadores-de-salvamento} has been referenced but does not
 exist, replaced by a fixed one


pdfTeX warning (dest): name{https://www.practicosdepuerto.es/es/colegio-federac
ion/publicaciones/remolque-portuario} has been referenced but does not exist, r
eplaced by a fixed one


pdfTeX warning (dest): name{https://www.vesselfinder.com/es/vessels/details/937
4193} has been referenced but does not exist, replaced by a fixed one


pdfTeX warning (dest): name{https://ral.ca/series/rastar/} has been referenced 
but does not exist, replaced by a fixed one


pdfTeX warning (dest): name{https://www.algecirasalminuto.es/puerto/los-remolca
dores-del-puerto-de-algeciras-denuncian-la-excesiva-carga-de-trabajo/} has been
 referenced but does not exist, replaced by a fixed one


pdfTeX warning (dest): name{https://ingenieromarino.com/remolcadores/} has been
 referenced but does not exist, replaced by a fixed one


pdfTeX warning (dest): name{https://www.murimar.com/remolcadores} has been refe
renced but does not exist, replaced by a fixed one


pdfTeX warning (dest): name{https://www.escglobalgroup.com/es} has been referen
ced but does not exist, replaced by a fixed one


pdfTeX warning (dest): name{https://ineal.com.mx/funciones-principales-remolcad
or-de-puerto} has been referenced but does not exist, replaced by a fixed one


pdfTeX warning (dest): name{https://www.marineinsight.com/types-of-ships/what-a
re-tug-boats/} has been referenced but does not exist, replaced by a fixed one


pdfTeX warning (dest): name{https://www.sciencedirect.com/topics/physics-and-as
tronomy/gas-turbine-engines} has been referenced but does not exist, replaced b
y a fixed one


pdfTeX warning (dest): name{https://maritimeducation.com/marine-steam-turbines/
} has been referenced but does not exist, replaced by a fixed one


pdfTeX warning (dest): name{https://www.wartsila.com/encyclopedia/term/steam-tu
rbine} has been referenced but does not exist, replaced by a fixed one


pdfTeX warning (dest): name{https://www.saamtowage.com/harbour-towage/?lang=es}
 has been referenced but does not exist, replaced by a fixed one


pdfTeX warning (dest): name{https://www.container-xchange.com/blog/shipping-emi
ssions/} has been referenced but does not exist, replaced by a fixed one


pdfTeX warning (dest): name{https://theroundup.org/co2-greenhouse-gas-emission-
statistics/} has been referenced but does not exist, replaced by a fixed one

<C:/Miktex/fonts/type1/public/newpx/NewPXMI.pfb><C:/Miktex/fonts/type1/public/n
ewpx/NewPXMI_gnu.pfb><C:/Miktex/fonts/type1/public/amsfonts/symbols/msam10.pfb>
<C:/Miktex/fonts/type1/public/newpx/pxmiaX.pfb><C:/Miktex/fonts/type1/public/ne
wpx/pxsys.pfb><C:/Miktex/fonts/type1/public/newtx/txexs.pfb><C:/Miktex/fonts/ty
pe1/urw/palatino/uplb8a.pfb><C:/Miktex/fonts/type1/urw/palatino/uplr8a.pfb><C:/
Miktex/fonts/type1/urw/palatino/uplri8a.pfb>
Output written on main.pdf (119 pages, 15517440 bytes).
PDF statistics:
 4790 PDF objects out of 5155 (max. 8388607)
 634 named destinations out of 1000 (max. 500000)
 144682 words of extra memory for PDF output out of 154059 (max. 10000000)

